symbol,entry_date,exit_date,entry_price,exit_price,shares,entry_value,exit_value_net,net_pnl,net_return,holding_days,total_cost,trend_regime_entry,vol_regime_entry,trend_regime_exit,vol_regime_exit,exit_reason_bucket
SANOFI_NS,2013-03-19,2013-03-25,1683.53007052938,1580.5374222476682,6,10101.180423177964,9434.34196504426,-666.838458133705,-0.06601589420218561,6,85.98923151951412,NEUTRAL,HIGH_VOL,BEAR,HIGH_VOL,Initial Risk Stop
NAUKRI_NS,2013-03-19,2013-04-18,66.6884376573129,67.95268496437822,140,9336.381272023873,9464.386756414133,128.00548439025988,0.013710395993983627,30,83.2862911930157,NEUTRAL,HIGH_VOL,NEUTRAL,HIGH_VOL,Portfolio Rebalance Exit
NTPC_NS,2013-03-19,2013-04-18,77.16204812688906,76.24671233402927,118,9105.121678972986,8949.949269934483,-155.17240903850325,-0.017042321290098993,30,80.61004924192832,NEUTRAL,HIGH_VOL,NEUTRAL,HIGH_VOL,Portfolio Rebalance Exit
BSOFT_NS,2013-03-19,2013-04-18,52.67727789459475,48.485008808288605,160,8428.364463135213,7714.8226275288935,-713.5418356063192,-0.08465958475422801,30,73.74011175850119,NEUTRAL,HIGH_VOL,NEUTRAL,HIGH_VOL,Portfolio Rebalance Exit
HCLTECH_NS,2013-03-19,2013-05-21,141.56069158583628,129.29864174100285,79,11183.294635281207,10163.123683050406,-1020.170952230801,-0.09122275550286871,63,92.55035513758435,NEUTRAL,HIGH_VOL,BULL,HIGH_VOL,Portfolio Rebalance Exit
AUROPHARMA_NS,2013-04-18,2013-05-28,86.88369402583288,83.76458581718182,129,11207.996529332528,10752.072050430648,-455.9244789018794,-0.04067849929366735,40,94.73160280369183,NEUTRAL,HIGH_VOL,BULL,HIGH_VOL,Protective Risk Stop
UNIONBANK_NS,2013-03-19,2013-06-05,179.22241138581782,165.88127112690532,70,12545.568797007425,11555.278432799203,-990.290364208222,-0.07893546958543977,78,102.49614174565974,NEUTRAL,HIGH_VOL,NEUTRAL,HIGH_VOL,Protective Risk Stop
GLAXO_NS,2013-03-19,2013-06-13,820.0253882816868,969.9744115326478,11,9020.279271099374,10616.63969420008,1596.3604231007048,0.1769746118853971,86,86.21449155875077,NEUTRAL,HIGH_VOL,BEAR,MID_VOL,Trailing Profit Protection
CONCOR_NS,2013-03-19,2013-06-14,196.51041390693968,199.40971860062757,65,12773.176903951275,12900.4463877679,127.26948381662623,0.009963808124919689,87,108.10704714954456,NEUTRAL,HIGH_VOL,NEUTRAL,HIGH_VOL,Defensive Regime Exit
SUNPHARMA_NS,2013-04-18,2013-06-14,417.8612627570207,433.70739878045714,23,9610.809043411893,9924.647641246202,313.83859783430853,0.0326547532488372,57,85.92741473267682,NEUTRAL,HIGH_VOL,NEUTRAL,HIGH_VOL,Defensive Regime Exit
UPL_NS,2013-05-21,2013-06-21,89.97384029515904,81.50712749440054,126,11336.703877190128,10218.233432841938,-1118.4704443481896,-0.09865922727315775,31,93.30951745592083,BULL,HIGH_VOL,BEAR,HIGH_VOL,Protective Risk Stop
UNIONBANK_NS,2013-06-18,2013-07-16,164.92037969719559,138.84062963310484,68,11214.585819409464,9392.42942085159,-1822.1563985578741,-0.16248093580096432,28,89.92968338219565,NEUTRAL,HIGH_VOL,BULL,HIGH_VOL,Portfolio Rebalance Exit
CANBK_NS,2013-06-18,2013-07-16,59.06618298520474,55.37897635957218,178,10513.780571366502,9807.251962890143,-706.5286084763593,-0.06720024292693888,28,88.82774008862091,NEUTRAL,HIGH_VOL,BULL,HIGH_VOL,Portfolio Rebalance Exit
PIDILITIND_NS,2013-03-19,2013-08-01,131.07233730269235,126.20305369081235,316,41418.85858765092,39723.76422412548,-1695.094363525437,-0.04092566577947253,135,308.5524020304391,NEUTRAL,HIGH_VOL,BEAR,HIGH_VOL,Protective Risk Stop
ECLERX_NS,2013-06-18,2013-08-01,159.87719751007788,162.02428919291023,74,11830.912615745921,11932.048793941176,101.13617819525462,0.008548468024406765,44,101.2093010158828,NEUTRAL,HIGH_VOL,BEAR,HIGH_VOL,Defensive Regime Exit
IDEA_NS,2013-06-18,2013-08-12,85.27350957936417,94.86443204378374,147,12535.20590816662,13880.407792107473,1345.2018839408538,0.1073139040392198,55,110.7112456525901,NEUTRAL,HIGH_VOL,BEAR,MID_VOL,Defensive Regime Exit
LUPIN_NS,2013-04-18,2013-08-13,632.9472049097004,772.4453933539718,17,10760.102483465538,13069.785317643786,2309.6828341782475,0.21465249403780406,117,101.3131327461727,NEUTRAL,HIGH_VOL,BEAR,HIGH_VOL,Trailing Profit Protection
GSFC_NS,2013-07-16,2013-08-14,43.02966235567108,37.327525447414914,120,5163.55948268053,4448.119691900569,-715.4397907799612,-0.13855554355085278,29,31.183361789221152,BULL,HIGH_VOL,BEAR,HIGH_VOL,Defensive Regime Exit
CRISIL_NS,2013-07-16,2013-08-14,967.3490852661,952.7411694187844,10,9673.490852661967,9478.373229088158,-195.1176235738094,-0.02017034249017939,29,84.57362878474848,BULL,HIGH_VOL,BEAR,HIGH_VOL,Portfolio Rebalance Exit
GSFC_NS,2013-07-16,2013-08-16,43.02966235567108,37.25360676256738,120,5163.559482680572,4439.280822904843,-724.2786597757286,-0.1402673218358534,31,50.12046019303071,BULL,HIGH_VOL,BEAR,HIGH_VOL,Defensive Regime Exit
UPL_NS,2013-07-16,2013-08-22,81.37704321385036,81.07810224733905,134,10904.523790656029,10810.698084364138,-93.82570629189104,-0.008604291951959359,37,93.82490664568945,BULL,HIGH_VOL,BEAR,HIGH_VOL,Defensive Regime Exit
CIEINDIA_NS,2013-08-14,2013-10-23,59.92149031055984,37.71254922136099,197,11804.533591180349,7387.754285309507,-4416.779305870841,-0.3741595779074912,70,84.98152939514534,BEAR,HIGH_VOL,BULL,MID_VOL,Initial Risk Stop
BSOFT_NS,2013-08-14,2013-11-13,75.82938689732028,74.55511351066954,524,39734.598734195904,38913.356526944764,-821.2422072511399,-0.020668189271139475,91,299.48781268613106,BEAR,HIGH_VOL,NEUTRAL,MID_VOL,Portfolio Rebalance Exit
HEROMOTOCO_NS,2013-08-14,2014-01-10,1353.475591835586,1407.9408176788406,29,39250.792163233345,40670.52696265514,1419.7347994217926,0.036170857227989246,149,303.94281496696095,BEAR,HIGH_VOL,NEUTRAL,LOW_VOL,Portfolio Rebalance Exit
UNIONBANK_NS,2013-11-13,2014-01-30,96.07357709788758,85.67573199736552,729,70037.63770436014,62221.35590050625,-7816.28180385389,-0.11160116274691677,78,493.53298730605536,NEUTRAL,MID_VOL,NEUTRAL,LOW_VOL,Protective Risk Stop
VEDL_NS,2013-11-13,2014-02-04,61.49008764180921,57.24760339482422,1429,87869.33524014542,81502.13413062243,-6367.201109522983,-0.07246215180895052,83,627.4753267890269,NEUTRAL,MID_VOL,NEUTRAL,LOW_VOL,Protective Risk Stop
FDC_NS,2013-03-19,2014-02-11,88.26710303045355,107.96842300876664,162,14299.270690933565,17413.678820273923,3114.408129340358,0.21780188630984126,329,129.73428787732615,NEUTRAL,HIGH_VOL,NEUTRAL,LOW_VOL,Trailing Profit Protection
HCLTECH_NS,2013-08-14,2014-03-28,174.78592016244286,249.89812750633575,86,15031.58913397026,21399.88445281702,6368.29531884676,0.42366081603806555,226,146.57239379042534,BEAR,HIGH_VOL,BULL,LOW_VOL,Trailing Profit Protection
CANBK_NS,2014-01-10,2014-05-02,42.420427075221006,46.63129187261794,2613,110844.57594755253,121401.25020670467,10556.674259152147,0.09523852808230479,112,853.4984543165183,NEUTRAL,LOW_VOL,NEUTRAL,LOW_VOL,Protective Risk Stop
CESC_NS,2014-04-09,2014-07-16,30.239903407827164,38.525933048116,3795,114760.43343270411,145673.4384426351,30913.005009930974,0.2693698872099369,98,954.0560235199565,BULL,LOW_VOL,BULL,MID_VOL,Trailing Profit Protection
ICRA_NS,2013-08-14,2014-10-14,1116.2446563605472,2299.6426033769044,12,13394.935876327681,27482.753934776312,14087.81805844863,1.0517271742484,426,162.16327319672587,BEAR,HIGH_VOL,NEUTRAL,MID_VOL,Trailing Profit Protection
UPL_NS,2013-09-13,2014-12-16,86.73564746929657,182.30610816575825,375,32525.8678009863,68107.64414702528,35581.776346038976,1.0939531748622557,459,376.62876528482803,NEUTRAL,HIGH_VOL,NEUTRAL,MID_VOL,Trailing Profit Protection
BANKBARODA_NS,2014-05-13,2015-02-05,146.74542361327843,159.87160012868583,929,136326.4985367358,147980.0583814971,11653.559844761301,0.08548271957282777,268,1041.4476297082101,BULL,MID_VOL,BULL,HIGH_VOL,Protective Risk Stop
AUROPHARMA_NS,2014-02-07,2015-02-19,253.15640798747913,507.1089063361199,443,112148.28873845351,223839.32023941746,111691.03150096395,0.9959227444071308,377,1221.8970954557622,NEUTRAL,LOW_VOL,BULL,MID_VOL,Trend/Risk Deterioration Exit
TATACOMM_NS,2013-09-13,2015-03-02,108.79912088353775,213.16382294460485,130,14143.885714860016,27597.94204959775,13454.056334737734,0.9512277323198725,535,165.31188481283985,NEUTRAL,HIGH_VOL,BULL,MID_VOL,Trend/Risk Deterioration Exit
BEL_NS,2015-01-08,2015-03-13,28.967948541641633,28.451847457339,2084,60369.20476078119,59068.58842768118,-1300.6163331000134,-0.0215443675008447,64,446.825296881379,NEUTRAL,HIGH_VOL,BULL,HIGH_VOL,Protective Risk Stop
BEL_NS,2015-04-09,2015-04-21,31.06613803316277,26.251703384571616,643,19975.52675532369,16804.80126275759,-3170.7254925661,-0.15873050715526527,12,148.42323266156404,NEUTRAL,HIGH_VOL,NEUTRAL,HIGH_VOL,Initial Risk Stop
TRENT_NS,2014-02-07,2015-04-27,102.4295131071949,115.96483322064417,1250,128036.8913839937,144427.10364364166,16390.21225964796,0.12801163854011652,444,999.3411322847851,NEUTRAL,LOW_VOL,NEUTRAL,HIGH_VOL,Protective Risk Stop
GPPL_NS,2013-04-18,2015-04-29,34.09544981692232,133.9925181198549,1815,61883.241417714045,242320.84869270018,180437.60727498613,2.9157749843293757,741,1102.9119832451652,NEUTRAL,HIGH_VOL,NEUTRAL,HIGH_VOL,Trailing Profit Protection
FINPIPE_NS,2015-03-10,2015-05-08,49.84425994429661,42.3920691705218,1416,70579.47208112404,59799.471222362066,-10780.000858761974,-0.1527356402775504,59,486.992814501818,BULL,HIGH_VOL,NEUTRAL,HIGH_VOL,Protective Risk Stop
HINDPETRO_NS,2014-11-12,2015-05-11,52.5097705898845,53.40090324883761,3019,158526.99741086137,160631.75982173005,2104.762410868687,0.01327699663303205,180,1167.9099716460332,BULL,MID_VOL,NEUTRAL,HIGH_VOL,Portfolio Rebalance Exit
PIDILITIND_NS,2015-02-06,2015-05-27,280.6006869670656,258.13320046072926,249,69869.57105479961,64032.48522695842,-5837.085827841191,-0.08354260287733967,110,499.3448997382743,BULL,HIGH_VOL,NEUTRAL,HIGH_VOL,Trend/Risk Deterioration Exit
ADANIENT_NS,2014-03-10,2015-06-08,43.15450496265187,59.88680495773945,2365,102060.40423667172,141116.00017038037,39055.59593370865,0.38267138197043743,455,891.2083958052318,BULL,LOW_VOL,BEAR,HIGH_VOL,Protective Risk Stop
MPHASIS_NS,2015-05-11,2015-06-08,288.4925045262014,274.79918148673875,28,8077.790126733637,7651.822012868665,-425.9681138649721,-0.05273324847289861,28,42.55506876001965,NEUTRAL,HIGH_VOL,BEAR,HIGH_VOL,Defensive Regime Exit
TTKPRESTIG_NS,2015-05-11,2015-06-08,305.8001006965625,303.93657158805007,52,15901.605236221556,15733.460423784405,-168.1448124371509,-0.010574077895868107,28,129.65519835728685,NEUTRAL,HIGH_VOL,BEAR,HIGH_VOL,Portfolio Rebalance Exit
ABFRL_NS,2015-05-11,2015-06-08,201.72676501513718,177.42730712890625,85,17146.77502628686,15012.63796183139,-2134.137064455472,-0.12446288361419178,28,131.67345666738538,NEUTRAL,HIGH_VOL,BEAR,HIGH_VOL,Portfolio Rebalance Exit
TIMKEN_NS,2013-06-18,2015-06-09,252.60265726392225,550.9271619363802,289,73002.16794927379,158639.32616299644,85637.15821372265,1.1730769183899907,721,846.7979791969481,NEUTRAL,HIGH_VOL,BEAR,MID_VOL,Defensive Regime Exit
MOTHERSON_NS,2014-08-06,2015-06-09,26.330285514502105,31.81864330410004,5277,138944.91666002764,167297.7525722365,28352.83591220886,0.20405810153949694,307,1119.636413219282,NEUTRAL,MID_VOL,BEAR,MID_VOL,Defensive Regime Exit
DEN_NS,2015-05-11,2015-07-06,140.46599774734133,140.14999389648438,116,16294.055738691733,16184.555768370876,-109.49997032085776,-0.006720240318120429,56,132.6996163169518,NEUTRAL,HIGH_VOL,NEUTRAL,LOW_VOL,Portfolio Rebalance Exit
RPGLIFE_NS,2015-06-08,2015-08-04,169.04931592008035,154.73418212313155,545,92131.87717644396,84016.29082203042,-8115.586354413535,-0.0880866275943904,57,652.3484325518726,BEAR,HIGH_VOL,BULL,MID_VOL,Protective Risk Stop
NUCLEUS_NS,2015-06-08,2015-08-11,253.31598535097666,227.62316170859512,254,64342.26027914832,57596.44192489396,-6745.818354254363,-0.10484273205491523,64,456.2015609489528,BEAR,HIGH_VOL,BULL,LOW_VOL,Protective Risk Stop
UPL_NS,2015-03-10,2015-08-26,300.9150878437815,302.0435552808683,168,50553.73475775559,50548.49815559754,-5.236602158052847,-0.00010358487227789801,169,380.52605267779074,BULL,HIGH_VOL,BEAR,HIGH_VOL,Trend/Risk Deterioration Exit
BEL_NS,2015-05-11,2015-08-26,30.215633775529287,27.70556338924349,3219,97264.1251234288,88853.42349614123,-8410.701627287577,-0.08647280399236966,107,688.0806349151734,NEUTRAL,HIGH_VOL,BEAR,HIGH_VOL,Protective Risk Stop
NITINSPIN_NS,2015-06-08,2015-08-26,64.32809050530118,56.87139628483699,1435,92310.80987510725,81306.41012740892,-11004.399747698335,-0.11921030443332517,79,643.1680275693714,BEAR,HIGH_VOL,BEAR,HIGH_VOL,Protective Risk Stop
SRF_NS,2015-07-06,2015-08-26,233.92617215722342,218.9028564300897,666,155794.83065671104,145258.30116979085,-10536.52948692019,-0.06763080291243487,51,1103.3191087684863,NEUTRAL,LOW_VOL,BEAR,HIGH_VOL,Protective Risk Stop
ZEEL_NS,2015-07-06,2015-08-27,338.96463403328926,343.67017358652447,442,149822.3682427142,151349.59790438187,1527.2296616676613,0.010193602461239494,52,1102.9850744319701,NEUTRAL,LOW_VOL,BEAR,HIGH_VOL,Defensive Regime Exit
HINDPETRO_NS,2015-07-06,2015-08-28,69.90234903969312,74.37535617047939,2231,155952.1407075554,165329.1796145094,9377.038906953996,0.060127670350726435,53,1175.1245989167155,NEUTRAL,LOW_VOL,BEAR,HIGH_VOL,Defensive Regime Exit
BEML_NS,2015-06-08,2015-08-31,527.5692300024095,490.16466107947065,124,65418.58452029931,60550.09742583194,-4868.487094467368,-0.07442055082920178,84,470.6329208942176,BEAR,HIGH_VOL,BEAR,HIGH_VOL,Portfolio Rebalance Exit
MPHASIS_NS,2015-05-11,2015-09-30,309.1462470301713,312.8728151571308,181,55955.47071246132,56414.334914686755,458.8642022254353,0.008200524388105021,142,421.20473725697764,NEUTRAL,HIGH_VOL,BEAR,HIGH_VOL,Portfolio Rebalance Exit
MAHLIFE_NS,2015-08-31,2015-09-30,133.06982338738422,135.70734033883866,113,15036.890042774548,15265.34727507985,228.45723230530166,0.015193117170865977,30,124.82115903798848,BEAR,HIGH_VOL,BEAR,HIGH_VOL,Portfolio Rebalance Exit
OIL_NS,2015-08-31,2015-09-30,89.09081831648624,83.23071278344236,169,15056.348295486263,14000.899019214648,-1055.4492762716145,-0.07009995090164241,30,120.40032005898885,BEAR,HIGH_VOL,BEAR,HIGH_VOL,Portfolio Rebalance Exit
RADICO_NS,2015-08-31,2015-09-30,87.34028712014997,81.33970642089844,171,14935.189097545732,13844.552978693204,-1090.636118852528,-0.07302459391235627,30,119.40105200684191,BEAR,HIGH_VOL,BEAR,HIGH_VOL,Portfolio Rebalance Exit
BAYERCROP_NS,2015-08-31,2015-09-30,3285.955145869748,3171.435726522384,4,13143.820583482278,12625.533359983576,-518.2872234987026,-0.03943200686640758,30,108.49292232271029,BEAR,HIGH_VOL,BEAR,HIGH_VOL,Portfolio Rebalance Exit
ASTRAZEN_NS,2015-08-31,2015-09-30,1157.2011594010662,1149.208936933091,13,15043.615072215018,14871.534286983597,-172.08078523142103,-0.011438792099197462,30,123.44399026279696,BEAR,HIGH_VOL,BEAR,HIGH_VOL,Portfolio Rebalance Exit
CAPLIPOINT_NS,2015-08-31,2015-10-29,260.6571338740494,253.12074923428685,58,15118.113764695127,14613.736617470524,-504.3771472246026,-0.033362438930871076,59,122.80273298694807,BEAR,HIGH_VOL,NEUTRAL,LOW_VOL,Protective Risk Stop
LAOPALA_NS,2015-08-31,2015-10-30,260.6897476881527,251.14957243460483,57,14859.315618224964,14249.551563658988,-609.764054565976,-0.04103581014310644,60,120.55913430312648,BEAR,HIGH_VOL,NEUTRAL,LOW_VOL,Portfolio Rebalance Exit
NUCLEUS_NS,2015-09-30,2015-10-30,205.995674075029,215.67920929263104,82,16891.645274152583,17607.800498969944,716.1552248173612,0.04239700829576467,30,139.9454967224202,BEAR,HIGH_VOL,NEUTRAL,LOW_VOL,Portfolio Rebalance Exit
NEULANDLAB_NS,2015-09-30,2015-10-30,830.2936694424774,684.6019460112018,18,14945.286049965422,12263.90895693004,-2681.377093035382,-0.17941289876091637,30,113.8274984277453,BEAR,HIGH_VOL,NEUTRAL,LOW_VOL,Portfolio Rebalance Exit
SANGAMIND_NS,2015-09-30,2015-10-30,243.72051510850736,223.19158608430152,61,14866.951421619193,13551.190951110559,-1315.7604705086342,-0.08850237235559162,30,118.10956374193776,BEAR,HIGH_VOL,NEUTRAL,LOW_VOL,Portfolio Rebalance Exit
ITC_NS,2015-08-31,2015-11-04,146.10691427320074,150.99403746759663,94,13734.049941681016,14127.897326242224,393.84738456120795,0.028676711256592526,65,115.9936235765798,BEAR,HIGH_VOL,BEAR,LOW_VOL,Protective Risk Stop
KAJARIACER_NS,2015-10-30,2015-12-01,420.3864729424058,438.6989890499436,357,150077.97084043932,156046.1877214263,5968.216880986991,0.03976744120116277,32,1120.7006982702915,NEUTRAL,LOW_VOL,BEAR,LOW_VOL,Defensive Regime Exit
WONDERLA_NS,2015-09-30,2015-12-02,282.3700063061111,347.9642317844272,55,15530.350346836396,19055.00111411644,3524.6507672800435,0.22695243111486088,63,140.08270965102932,BEAR,HIGH_VOL,BEAR,LOW_VOL,Trailing Profit Protection
GHCL_NS,2015-09-30,2015-12-02,109.46619969938348,116.2190616979542,132,14449.538360318727,15271.315264739998,821.776904421271,0.056872190926045896,63,122.68064946369375,BEAR,HIGH_VOL,BEAR,LOW_VOL,Portfolio Rebalance Exit
TATAPOWER_NS,2015-10-30,2015-12-02,60.694060055516374,57.91353364678133,2431,147547.25999496036,140274.4859375354,-7272.774057424947,-0.049291149545395534,33,1055.3302602122922,NEUTRAL,LOW_VOL,BEAR,LOW_VOL,Portfolio Rebalance Exit
VASCONEQ_NS,2015-09-30,2015-12-16,30.271573430011912,34.24147635187391,527,15953.119197616308,17966.090926573925,2012.9717289576165,0.12618044810060666,77,137.7715804552158,BEAR,HIGH_VOL,BEAR,LOW_VOL,Trailing Profit Protection
DCMSHRIRAM_NS,2015-10-30,2015-12-17,109.28186678327778,114.50191251365518,1375,150262.56682700705,156865.27426466966,6602.7074376626115,0.043941133025260495,48,1130.0991693975182,NEUTRAL,LOW_VOL,NEUTRAL,LOW_VOL,Defensive Regime Exit
GRASIM_NS,2015-12-02,2015-12-31,546.3025199284368,542.8238198792872,31,16935.378117782086,16752.67939130407,-182.69872647801458,-0.01078799216689361,29,137.07040935278854,BEAR,LOW_VOL,NEUTRAL,LOW_VOL,Portfolio Rebalance Exit
JUBLPHARMA_NS,2015-08-31,2016-01-15,240.75458687761324,251.17833569958037,67,16130.557320800326,16754.084493516726,623.5271727164,0.038655029725002905,137,134.11889503579525,BEAR,HIGH_VOL,BEAR,MID_VOL,Protective Risk Stop
RPOWER_NS,2015-10-30,2016-01-19,48.27836901461337,49.29999923706055,3113,150290.56274249146,152912.72865117525,2622.16590868379,0.017447309137943817,81,1110.2623733178443,NEUTRAL,LOW_VOL,BEAR,MID_VOL,Protective Risk Stop
CESC_NS,2015-12-02,2016-01-19,32.611175254299354,27.37080126997204,1571,51232.156324504314,42832.09921888627,-8400.057105618042,-0.16396063933776486,48,355.6287891054284,BEAR,LOW_VOL,BEAR,MID_VOL,Protective Risk Stop
VEDL_NS,2015-12-02,2016-01-22,30.811734420735938,21.416803836583316,1661,51178.29087284242,35432.14833419656,-15746.142538645865,-0.3076723014797178,51,329.164064350005,BEAR,LOW_VOL,BEAR,HIGH_VOL,Protective Risk Stop
NUCLEUS_NS,2015-12-02,2016-01-29,231.3948075730628,191.57641182393536,75,17354.61056797994,14302.06957546092,-3052.5409925190197,-0.17589222071920757,58,129.91346900875692,BEAR,LOW_VOL,BEAR,HIGH_VOL,Time-Based Risk Exit
SRF_NS,2015-12-31,2016-01-29,244.07486764824628,217.68071068210116,66,16108.941264784498,14300.771073313635,-1808.1701914708628,-0.11224637061801665,29,125.33133450595494,BEAR,LOW_VOL,BEAR,HIGH_VOL,Portfolio Rebalance Exit
KANSAINER_NS,2015-12-31,2016-01-29,164.35831696560822,161.98127003682634,98,16107.11506262977,15802.677463512999,-304.4375991167708,-0.018900814822084347,29,130.65597535959608,BEAR,LOW_VOL,BEAR,HIGH_VOL,Portfolio Rebalance Exit
SURYAROSNI_NS,2015-12-31,2016-01-29,32.39314088934972,33.25936324916978,511,16552.894994457743,16920.08118935459,367.18619489684716,0.02218259676146008,29,136.26031916171635,BEAR,LOW_VOL,BEAR,HIGH_VOL,Portfolio Rebalance Exit
TRENT_NS,2015-12-02,2016-02-04,154.13146564758327,146.46844876434417,111,17108.592686881897,16185.152191227387,-923.4404956545095,-0.05397524580514225,64,135.69479563992664,BEAR,LOW_VOL,BEAR,HIGH_VOL,Protective Risk Stop
GENUSPOWER_NS,2015-10-30,2016-02-15,33.90506482697435,46.11844814841036,4433,150301.15237797733,203704.53086889687,53403.37849091954,0.35530917525250055,108,1292.3020743241113,NEUTRAL,LOW_VOL,BEAR,HIGH_VOL,Trailing Profit Protection
BERGEPAINT_NS,2016-01-29,2016-02-26,152.70283004359214,129.28855020495212,110,16797.311304795287,14156.098194341213,-2641.213110454073,-0.15724023104221813,28,127.3465682176176,BEAR,HIGH_VOL,BEAR,HIGH_VOL,Portfolio Rebalance Exit
KAJARIACER_NS,2016-01-29,2016-02-26,443.51450891104537,410.9455646798956,38,16853.551338620167,15545.357790705759,-1308.1935479144086,-0.07762123968001114,28,132.48456360758058,BEAR,HIGH_VOL,BEAR,HIGH_VOL,Portfolio Rebalance Exit
BALRAMCHIN_NS,2016-01-29,2016-02-26,77.2062912838227,71.15348764850752,201,15518.46454804844,14235.925356656737,-1282.5391913917028,-0.08264601097748368,28,122.93207023170609,BEAR,HIGH_VOL,BEAR,HIGH_VOL,Portfolio Rebalance Exit
JAMNAAUTO_NS,2016-01-29,2016-02-26,24.317441273503412,20.95910313843672,629,15295.670561033672,13121.306618333916,-2174.363942699756,-0.1421555161000286,28,118.15724327016963,BEAR,HIGH_VOL,BEAR,HIGH_VOL,Portfolio Rebalance Exit
PRICOLLTD_NS,2016-01-29,2016-02-26,40.998670799439296,39.99349556137242,361,14800.520158597628,14371.245627280374,-429.2745313172545,-0.02900401652896562,28,120.77597264378824,BEAR,HIGH_VOL,BEAR,HIGH_VOL,Portfolio Rebalance Exit
GNFC_NS,2016-01-29,2016-03-30,65.237060484572,60.74163831456634,225,14678.338609028766,13603.186817893911,-1075.1517911348546,-0.07324751252662341,61,117.60393574928418,BEAR,HIGH_VOL,NEUTRAL,MID_VOL,Portfolio Rebalance Exit
MARICO_NS,2016-02-26,2016-03-30,210.7476495971669,211.8061706617802,70,14752.335471801893,14758.65085377423,6.315381972337491,0.0004280937065462565,33,121.97314887224239,BEAR,HIGH_VOL,NEUTRAL,MID_VOL,Portfolio Rebalance Exit
NDTV_NS,2016-02-26,2016-03-30,116.52806163985171,108.0500030517578,126,14682.535766621431,13550.806339790277,-1131.7294268311543,-0.07707997070941747,33,117.43000361337897,BEAR,HIGH_VOL,NEUTRAL,MID_VOL,Portfolio Rebalance Exit
SUNPHARMA_NS,2016-02-26,2016-03-30,816.1500958585573,745.9866918863974,18,14690.701725454846,13364.926465177436,-1325.7752602774108,-0.09024587695359819,33,116.79963474895767,BEAR,HIGH_VOL,NEUTRAL,MID_VOL,Portfolio Rebalance Exit
VAKRANGEE_NS,2016-02-26,2016-03-30,95.30752289225957,86.28042278356824,166,15821.048800115183,14256.551319506565,-1564.4974806086175,-0.09888709025391712,33,124.11679344759418,BEAR,HIGH_VOL,NEUTRAL,MID_VOL,Portfolio Rebalance Exit
AMBUJACEM_NS,2016-02-26,2016-05-23,186.77693960773726,181.8926548868528,331,61823.167010161225,59978.17836373155,-1844.9886464296724,-0.029842997951341297,87,455.3951526776224,BEAR,HIGH_VOL,BEAR,LOW_VOL,Protective Risk Stop
KSCL_NS,2016-03-30,2016-06-14,386.5927149219241,425.793799861641,359,138786.78465697114,152303.96460767303,13517.179950701888,0.09739529584254931,76,1065.8371426111667,NEUTRAL,MID_VOL,BULL,LOW_VOL,Protective Risk Stop
PGHH_NS,2016-02-26,2016-06-16,5321.585675556529,5242.074047322823,10,53215.85675557061,52219.971038978,-995.8857165926092,-0.018714078421529133,111,396.27141465634566,BEAR,HIGH_VOL,BULL,MID_VOL,Time-Based Risk Exit
JKPAPER_NS,2016-01-29,2016-06-27,44.93957847997802,45.11771852900597,1411,63409.74523524902,63420.410735099795,10.665499850772903,0.00016819969566513932,150,473.72110454141887,BEAR,HIGH_VOL,NEUTRAL,LOW_VOL,Portfolio Rebalance Exit
TATASTEEL_NS,2016-03-30,2016-06-29,23.849710538847418,23.094247803326702,5236,124877.0843814051,120478.44216383027,-4398.64221757483,-0.0352237741565162,91,901.7698257848654,NEUTRAL,MID_VOL,BULL,LOW_VOL,Protective Risk Stop
GRASIM_NS,2016-05-30,2016-09-09,642.4587195286427,700.2994576045079,270,173463.8542727342,188396.73355402309,14932.879281288886,0.08608640309473453,102,1321.3373638095186,BULL,MID_VOL,BULL,LOW_VOL,Trailing Profit Protection
MINDACORP_NS,2016-01-29,2016-09-30,98.02538349291653,94.5523857306349,730,71558.52994982917,68763.66404648112,-2794.865903348051,-0.039057061475516276,245,522.530517298885,BEAR,HIGH_VOL,NEUTRAL,MID_VOL,Time-Based Risk Exit
CESC_NS,2016-07-26,2016-10-18,39.21363265448384,37.74411739738492,4420,173324.2563328186,166223.56440477553,-7100.691928043059,-0.04096767572109616,84,1242.1552720130574,BULL,LOW_VOL,NEUTRAL,MID_VOL,Protective Risk Stop
KAJARIACER_NS,2016-06-27,2016-10-25,556.6886815539118,575.7469366382085,306,170346.73655549757,175540.0155986537,5193.27904315613,0.030486519132488354,120,1264.380131692927,NEUTRAL,LOW_VOL,NEUTRAL,MID_VOL,Portfolio Rebalance Exit
GRASIM_NS,2016-09-23,2016-10-26,725.553142086127,712.4771227940998,256,185741.60437404926,181733.67450993028,-4007.9298641189816,-0.021577986674691102,33,1342.7834111025302,BULL,LOW_VOL,NEUTRAL,MID_VOL,Protective Risk Stop
PIDILITIND_NS,2016-03-30,2016-11-15,304.2158687791094,310.7684970356753,467,142068.81071984442,144600.22494372108,2531.4142238766653,0.01781822633025725,230,1050.5475297354174,NEUTRAL,MID_VOL,BEAR,HIGH_VOL,Protective Risk Stop
KANSAINER_NS,2016-02-26,2016-11-16,181.06570980441305,193.7022177616308,508,91981.38058064201,98037.33274417833,6055.95216353632,0.06583889179861721,264,701.2854306079093,BEAR,HIGH_VOL,BEAR,HIGH_VOL,Protective Risk Stop
FINPIPE_NS,2016-03-30,2016-11-17,65.4931283439934,70.99019463540452,2227,145853.19682207337,157519.89945414584,11666.702632072469,0.07998935152792506,232,1111.2320117345382,NEUTRAL,MID_VOL,BEAR,HIGH_VOL,Protective Risk Stop
SURYAROSNI_NS,2016-06-27,2016-11-17,36.02979265176792,45.31596300713612,4528,163142.90112720517,204449.322424997,41306.42129779182,0.25319165598008175,143,1341.4317101477914,NEUTRAL,LOW_VOL,BEAR,HIGH_VOL,Trailing Profit Protection
SRF_NS,2016-06-27,2016-11-18,241.93359791106883,282.44834730462736,653,157982.6394359282,183771.06739875072,25788.42796282252,0.16323583436065667,144,1248.0524449946467,NEUTRAL,LOW_VOL,BEAR,HIGH_VOL,Protective Risk Stop
UPL_NS,2016-10-25,2016-11-24,438.16469482473184,372.1623567239026,229,100339.71511486403,84908.39816310657,-15431.316951757457,-0.15379071919919682,30,685.3751473321184,NEUTRAL,MID_VOL,BEAR,HIGH_VOL,Defensive Regime Exit
DCW_NS,2016-10-25,2016-11-24,37.28142959105351,27.588830175934177,1328,49509.73849691906,36493.036619219616,-13016.701877699445,-0.2629119497068129,30,144.92985442097682,NEUTRAL,MID_VOL,BEAR,HIGH_VOL,Defensive Regime Exit
SURYAROSNI_NS,2016-11-24,2016-12-22,43.90600235439496,40.07845574898294,428,18791.769007681087,17077.566315310578,-1714.2026923705089,-0.09122093250879323,28,145.04368498087126,BEAR,HIGH_VOL,NEUTRAL,MID_VOL,Portfolio Rebalance Exit
UNIONBANK_NS,2016-11-24,2016-12-22,128.07506010481862,109.29516238158124,133,17033.982993941005,14469.50185638174,-2564.4811375592653,-0.1505508804647423,28,129.3283279308525,BEAR,HIGH_VOL,NEUTRAL,MID_VOL,Portfolio Rebalance Exit
HINDPETRO_NS,2016-11-24,2016-12-22,130.495817695771,121.98146415699809,128,16703.46466505882,15543.0620116977,-1160.4026533611177,-0.06947077607129667,28,131.9248427426789,BEAR,HIGH_VOL,NEUTRAL,MID_VOL,Portfolio Rebalance Exit
LUXIND_NS,2016-11-24,2016-12-27,720.9997491205334,707.9849525457353,23,16582.994229772987,16210.716864064043,-372.27736570894376,-0.022449345428858663,33,133.8551204406206,BEAR,HIGH_VOL,BEAR,MID_VOL,Protective Risk Stop
DCW_NS,2016-10-25,2016-12-28,37.28142959105351,28.42188548808406,1328,49509.73849691909,37595.42055564888,-11914.317941270208,-0.2406459477060582,64,330.73032550031553,NEUTRAL,MID_VOL,BEAR,LOW_VOL,Defensive Regime Exit
CANBK_NS,2016-11-24,2017-01-19,51.73079454732283,48.86111849424504,348,18002.3165024684,16928.187257214555,-1074.1292452538437,-0.05966616824599011,56,141.6126962320662,BEAR,HIGH_VOL,NEUTRAL,LOW_VOL,Portfolio Rebalance Exit
HATHWAY_NS,2016-11-24,2017-02-07,35.762068374533854,36.400001525878906,2009,71845.99536443854,72853.35193272191,1007.3565682833723,0.014021053827336653,75,538.298029952721,BEAR,HIGH_VOL,BULL,LOW_VOL,Protective Risk Stop
IMFA_NS,2016-12-22,2017-04-18,244.3509114031903,250.48166210643544,686,167624.7252225888,171206.90998497803,3582.1847623892245,0.021370264784222274,117,1239.3536682514464,NEUTRAL,MID_VOL,NEUTRAL,LOW_VOL,Protective Risk Stop
COFORGE_NS,2016-12-22,2017-04-20,75.36959017497226,75.3991509384395,1970,148478.09264469543,147995.5577385771,-482.5349061183224,-0.003249872742324466,119,1086.2047509291233,NEUTRAL,MID_VOL,BULL,LOW_VOL,Portfolio Rebalance Exit
VEDL_NS,2016-03-30,2017-05-05,32.03767361683356,82.33780497299746,4118,131931.13995412062,337852.4568609747,205921.3169068541,1.5608242070709293,401,1699.2674676589847,NEUTRAL,MID_VOL,BULL,LOW_VOL,Trend/Risk Deterioration Exit
TATACOMM_NS,2016-10-25,2017-05-10,377.02640343243837,361.3116352979302,442,166645.67031713814,159119.54258977153,-7526.1277273666055,-0.04516245584445049,197,1192.3661138532502,NEUTRAL,MID_VOL,BULL,LOW_VOL,Protective Risk Stop
BEML_NS,2017-02-17,2017-05-24,507.6993510848206,467.7861200242311,378,191910.3547100627,176182.385744792,-15727.968965270702,-0.08195476991865523,96,1345.7429780928703,BULL,LOW_VOL,BULL,LOW_VOL,Protective Risk Stop
SRF_NS,2016-12-22,2017-06-16,301.3388935273935,312.0700558848637,517,155792.20795366276,160754.2130132565,4962.0050595937355,0.03185014914911267,176,1158.3024124409205,NEUTRAL,MID_VOL,BULL,LOW_VOL,Portfolio Rebalance Exit
BEL_NS,2016-11-24,2017-06-30,37.569796502572295,41.16097992771484,1986,74613.61585410862,81441.23140020292,6827.615546094297,0.09150629503660937,218,578.564620940082,BEAR,HIGH_VOL,NEUTRAL,LOW_VOL,Protective Risk Stop
NUCLEUS_NS,2017-01-19,2017-07-26,247.01120999796356,256.9983173226777,733,181059.21692850755,187695.97840483746,6636.761476329906,0.03665519816619154,188,1348.9915263905827,NEUTRAL,LOW_VOL,BULL,LOW_VOL,Protective Risk Stop
MASTEK_NS,2017-06-16,2017-08-11,250.88439820264415,220.30317012649851,778,195188.0618016574,170774.28080347233,-24413.780998185073,-0.1250782490119371,56,1338.6444904226555,BULL,LOW_VOL,NEUTRAL,MID_VOL,Protective Risk Stop
NETWORK18_NS,2017-06-16,2017-08-14,54.24933142615631,52.84999847412109,3601,195351.8424655889,189624.1025718288,-5727.739893760125,-0.029320122203449716,59,1406.5371464151212,BULL,LOW_VOL,NEUTRAL,MID_VOL,Protective Risk Stop
SCHAEFFLER_NS,2017-05-19,2017-08-14,871.1766240728521,823.7672125130163,222,193401.210544174,182212.44636891288,-11188.764175261138,-0.057852606732808204,87,1377.8897263428742,BULL,LOW_VOL,NEUTRAL,MID_VOL,Portfolio Rebalance Exit
ADANIENT_NS,2017-05-19,2017-08-14,66.00273561020633,61.699964822130624,2931,193454.0180735148,180187.61567270383,-13266.40240081097,-0.0685765151477473,87,1365.6264496276062,BULL,LOW_VOL,NEUTRAL,MID_VOL,Portfolio Rebalance Exit
FEDERALBNK_NS,2017-07-17,2017-08-14,108.58244488286259,99.88328153616824,1232,133773.5720956868,122605.61289601603,-11167.959199670775,-0.08348404714559356,28,942.0014376258173,BULL,LOW_VOL,NEUTRAL,MID_VOL,Portfolio Rebalance Exit
ARROWGREEN_NS,2017-08-14,2017-10-09,529.1645197548272,513.5988259365201,290,153457.71072890045,148401.1702048016,-5056.5405240988475,-0.032950710003955226,56,1106.4064527999076,NEUTRAL,MID_VOL,BULL,MID_VOL,Protective Risk Stop
EMKAY_NS,2017-08-14,2017-11-20,187.58343505155193,218.2536743685764,871,163385.17192990193,189409.63276390452,26024.460834002588,0.15928288061029192,98,1289.7604393701067,NEUTRAL,MID_VOL,BULL,MID_VOL,Trailing Profit Protection
VEDL_NS,2017-08-14,2017-12-05,108.80819910143548,104.19788278690172,1406,152984.32793661839,145968.7044620998,-7015.623474518594,-0.04585844556198708,113,1095.5000112275536,NEUTRAL,MID_VOL,NEUTRAL,MID_VOL,Protective Risk Stop
GRASIM_NS,2017-04-20,2017-12-07,798.402851049402,1046.8594685989665,238,190019.87854975846,248255.95936935142,58236.08081959296,0.30647362404425127,231,1594.6240002213106,NEUTRAL,LOW_VOL,NEUTRAL,HIGH_VOL,Trailing Profit Protection
BEML_NS,2017-08-14,2017-12-08,652.1164174275356,625.5625907486971,262,170854.501366015,163302.353359415,-7552.148006600008,-0.04420221853225472,116,1222.6720332804798,NEUTRAL,MID_VOL,NEUTRAL,HIGH_VOL,Portfolio Rebalance Exit
PCBL_NS,2017-08-14,2018-01-29,52.405066121204364,100.38823242955095,3295,172674.69286936842,329593.9134202764,156919.220550908,0.9087563321720821,168,1819.627684439883,NEUTRAL,MID_VOL,BULL,LOW_VOL,Trailing Profit Protection
THANGAMAYL_NS,2017-08-14,2018-01-31,160.46114652327202,262.5434938882657,1143,183407.09047610007,299003.7938160571,115596.70333995702,0.6302739062044088,170,1757.7719453814393,NEUTRAL,MID_VOL,BULL,LOW_VOL,Trailing Profit Protection
CESC_NS,2017-01-19,2018-02-05,43.64496452409093,63.00621202854859,4153,181257.5376685497,260723.93763091732,79466.39996236764,0.4384170776262067,382,1606.7179680777822,NEUTRAL,LOW_VOL,BULL,HIGH_VOL,Trailing Profit Protection
SCHAEFFLER_NS,2017-12-08,2018-02-06,1046.096033305348,1010.6126211495172,88,92056.45093087168,88603.94798763246,-3452.5029432392184,-0.037504193441389784,60,668.1608390440147,NEUTRAL,HIGH_VOL,NEUTRAL,HIGH_VOL,Protective Risk Stop
DCMSHRIRAM_NS,2017-12-08,2018-02-16,532.9900757986821,482.3820696151409,181,96471.203719562,86986.98853767104,-9484.215181890962,-0.09831135941312812,70,678.5521798081088,NEUTRAL,HIGH_VOL,NEUTRAL,HIGH_VOL,Protective Risk Stop
MOTHERSON_NS,2017-01-19,2018-02-21,36.06223900227262,53.94094282096343,5026,181248.8132254222,270132.9306647076,88884.11743928542,0.4903983416914225,398,1640.0589674678774,NEUTRAL,LOW_VOL,NEUTRAL,HIGH_VOL,Protective Risk Stop
SURYAROSNI_NS,2017-10-12,2018-02-23,75.1865988046366,96.21349848997876,2474,186011.64544267103,237174.8138684345,51163.16842576346,0.2750535769091511,134,1540.7320988774,NEUTRAL,MID_VOL,NEUTRAL,HIGH_VOL,Trailing Profit Protection
MAHLIFE_NS,2018-02-06,2018-03-08,149.90794526800497,143.7078513746532,171,25634.258640828997,24471.782474662174,-1162.4761661668235,-0.04534853854970817,30,196.42769340998763,BULL,HIGH_VOL,NEUTRAL,HIGH_VOL,Portfolio Rebalance Exit
RAJESHEXPO_NS,2018-02-06,2018-03-08,797.5681624216353,801.3843238350877,30,23927.044872649854,23941.154810619166,14.109937969311432,0.0005897066706068661,30,188.26986238380852,BULL,HIGH_VOL,NEUTRAL,HIGH_VOL,Portfolio Rebalance Exit
PIDILITIND_NS,2018-02-06,2018-03-08,416.5406529883668,421.4784958426643,57,23742.817220337325,23923.96039966443,181.143179327104,0.007629388612398644,30,187.53206266922047,BULL,HIGH_VOL,NEUTRAL,HIGH_VOL,Portfolio Rebalance Exit
ADANIENT_NS,2017-12-08,2018-03-14,91.98911724476535,84.12654623275093,1488,136879.80646021094,124722.1979878441,-12157.608472366832,-0.08881959133906929,96,960.9248009570126,NEUTRAL,HIGH_VOL,NEUTRAL,HIGH_VOL,Protective Risk Stop
TRENT_NS,2017-04-20,2018-03-26,269.0403769234106,337.45143762701576,738,198551.79816947726,248142.31919362364,49590.52102414638,0.24976112773261086,340,1626.23960950931,NEUTRAL,LOW_VOL,NEUTRAL,HIGH_VOL,Defensive Regime Exit
SCHAEFFLER_NS,2018-03-08,2018-04-09,983.2396887047194,1021.7661972452522,25,24580.992217618965,25438.462529859462,857.4703122404972,0.0348834703110921,32,195.99092666999746,NEUTRAL,HIGH_VOL,BULL,HIGH_VOL,Portfolio Rebalance Exit
CARERATING_NS,2018-03-08,2018-04-09,1037.3621775378033,1012.3626626049644,21,21784.605728294904,21169.08041706118,-615.5253112337232,-0.02825505859095026,32,170.5604806357744,NEUTRAL,HIGH_VOL,BULL,HIGH_VOL,Portfolio Rebalance Exit
COALINDIA_NS,2018-03-08,2018-04-09,152.27789762069062,144.17857504460162,153,23298.518335965815,21965.958157824185,-1332.5601781416299,-0.05719506103032152,32,178.94990759060005,NEUTRAL,HIGH_VOL,BULL,HIGH_VOL,Portfolio Rebalance Exit
IIFL_NS,2018-03-08,2018-04-10,401.943387775804,379.6831592476319,62,24920.490042100253,23441.753618460334,-1478.736423639919,-0.05933817598055924,33,190.14662231444706,NEUTRAL,HIGH_VOL,BULL,HIGH_VOL,Protective Risk Stop
SANOFI_NS,2018-04-09,2018-05-08,3670.8158897194385,3483.988897086852,6,22024.8953383203,20814.655556479094,-1210.2397818412064,-0.054948718858861274,29,170.18619943027363,NEUTRAL,HIGH_VOL,BULL,LOW_VOL,Portfolio Rebalance Exit
SRF_NS,2018-04-09,2018-05-23,437.18742889340507,366.6803089454661,217,94869.67206986934,79272.84900150623,-15596.823068363112,-0.1644026244433143,44,645.277912862135,NEUTRAL,HIGH_VOL,NEUTRAL,MID_VOL,Protective Risk Stop
IPCALAB_NS,2018-03-08,2018-05-25,336.69901551284767,322.4765027460952,90,30302.911396156625,28904.891096019957,-1398.020300136668,-0.04613485093428949,78,229.31059632512142,NEUTRAL,HIGH_VOL,NEUTRAL,MID_VOL,Protective Risk Stop
MASTEK_NS,2017-12-08,2018-06-05,391.38171456880775,450.4023737866743,363,142071.5623884776,162902.4243044345,20830.86191595689,0.14662231882125293,179,1115.533755397185,NEUTRAL,HIGH_VOL,NEUTRAL,MID_VOL,Portfolio Rebalance Exit
TRENT_NS,2018-04-09,2018-06-05,364.0024359863152,317.7638593455559,66,24024.160775097167,20882.894497069152,-3141.266278028015,-0.13075446453406073,57,177.77252746919928,NEUTRAL,HIGH_VOL,NEUTRAL,MID_VOL,Portfolio Rebalance Exit
ANDHRAPAP_NS,2018-04-09,2018-06-13,59.6546232350673,59.77216544566395,1573,93836.72234876092,93673.23392014038,-163.48842862053425,-0.0017422649100306419,65,693.2506390020149,NEUTRAL,HIGH_VOL,BULL,MID_VOL,Time-Based Risk Exit
STARCEMENT_NS,2018-06-05,2018-07-03,126.83298519795895,111.29931136757908,893,113261.85578177747,99022.65934438683,-14239.196437390638,-0.12571925772455478,28,784.6266597078,NEUTRAL,MID_VOL,BULL,MID_VOL,Portfolio Rebalance Exit
BSE_NS,2018-06-05,2018-07-18,78.35242682878093,77.1911142665961,2947,230904.6018644175,226662.12642769454,-4242.475436722947,-0.01837328230995605,43,1668.3279882495285,NEUTRAL,MID_VOL,BULL,MID_VOL,Protective Risk Stop
MAHLIFE_NS,2018-06-05,2018-08-09,175.75211921316043,159.01569837525145,1100,193327.33113447664,174283.178565877,-19044.152568599646,-0.0985072956671228,65,1344.567865777185,NEUTRAL,MID_VOL,BULL,LOW_VOL,Protective Risk Stop
LUPIN_NS,2018-07-03,2018-08-09,849.0738067010693,780.5723692528771,283,240287.8872964035,220105.31003307484,-20182.577263328654,-0.08399331939038916,37,1679.3577627264367,BULL,MID_VOL,BULL,LOW_VOL,Protective Risk Stop
RELIGARE_NS,2018-05-08,2018-09-28,55.182546425566024,35.599998474121094,4610,254391.5390218594,163519.2075869972,-90872.33143486222,-0.35721444111021994,143,1531.3743235035704,BULL,LOW_VOL,NEUTRAL,HIGH_VOL,Time-Based Risk Exit
PIDILITIND_NS,2018-04-09,2018-10-01,507.8510512018252,502.8603538904917,138,70083.44506585239,69133.93956429693,-949.5055015554535,-0.01354821385654303,175,518.2377350573299,NEUTRAL,HIGH_VOL,NEUTRAL,HIGH_VOL,Portfolio Rebalance Exit
EXIDEIND_NS,2018-05-08,2018-10-01,243.92712965944852,246.2148926335494,930,226852.23058328737,228154.60469454265,1302.3741112552816,0.005741068130150579,146,1658.5824394399824,BULL,LOW_VOL,NEUTRAL,HIGH_VOL,Portfolio Rebalance Exit
CIGNITITEC_NS,2018-07-31,2018-10-01,472.0210464953294,354.6662659916944,465,219489.78662032867,164320.0562728637,-55169.73034746497,-0.2513544306409894,62,1411.337350667274,BULL,LOW_VOL,NEUTRAL,HIGH_VOL,Portfolio Rebalance Exit
ANDHRAPAP_NS,2018-08-30,2018-10-03,87.55928818667024,81.1019089338225,2551,223363.74416419587,206143.75424835688,-17219.98991583899,-0.07709393473983174,34,1568.115685426264,BULL,LOW_VOL,NEUTRAL,HIGH_VOL,Protective Risk Stop
BERGEPAINT_NS,2018-06-05,2018-10-08,237.17793097979302,215.606696415298,842,199703.81788498597,180883.38222539195,-18820.43565959402,-0.09424174189014825,125,1391.0635001911187,NEUTRAL,MID_VOL,BEAR,HIGH_VOL,Protective Risk Stop
TECHM_NS,2018-02-06,2018-10-10,464.04683562667657,535.6652539413287,77,35731.606343254556,41084.99665554793,5353.390312293377,0.14982226829844147,246,292.4863817482927,BULL,HIGH_VOL,BEAR,HIGH_VOL,Defensive Regime Exit
GRASIM_NS,2018-10-01,2018-10-24,980.0301973448186,798.5495937075248,20,19600.60394689735,15899.162475553128,-3701.441471344222,-0.18884323571724107,23,143.8313547683269,NEUTRAL,HIGH_VOL,BEAR,HIGH_VOL,Initial Risk Stop
PCBL_NS,2018-10-01,2018-10-31,79.89514818457019,89.69749631259967,269,21491.79486164946,24027.943530535278,2536.1486688858167,0.11800543813171178,30,179.63215832074354,NEUTRAL,HIGH_VOL,BEAR,HIGH_VOL,Defensive Regime Exit
SRF_NS,2018-08-30,2018-10-31,402.44318543085456,364.97352983429,555,223355.9679141247,201828.51184213322,-21527.456071991473,-0.09638182616310612,62,1552.2873970711644,BULL,LOW_VOL,BEAR,HIGH_VOL,Portfolio Rebalance Exit
ANDHRAPAP_NS,2018-10-31,2018-12-06,88.82165068674685,83.79865849793767,270,23981.84568542174,22530.27068893829,-1451.5749964834504,-0.06052807675957336,36,183.46347991916116,BEAR,HIGH_VOL,NEUTRAL,MID_VOL,Protective Risk Stop
KILITCH_NS,2018-10-31,2018-12-10,89.00195401776058,80.39215406125966,237,21093.463102209345,18970.206974807323,-2123.2561274020227,-0.1006594373391267,40,160.22732404448413,BEAR,HIGH_VOL,BEAR,HIGH_VOL,Protective Risk Stop
MGL_NS,2018-10-31,2018-12-20,685.6336393523638,736.32805531376,29,19883.375541219237,21262.646206581154,1379.270665361917,0.06936803373766288,50,163.90810373162685,BEAR,HIGH_VOL,NEUTRAL,HIGH_VOL,Protective Risk Stop
ATUL_NS,2018-10-31,2018-12-31,3223.8001762807353,3330.7876735498667,6,19342.801057687637,19898.699875557348,555.8988178697109,0.028739313205559416,61,157.08124316345902,BEAR,HIGH_VOL,NEUTRAL,HIGH_VOL,Portfolio Rebalance Exit
TIINDIA_NS,2018-10-01,2019-01-15,289.2264637790496,319.47652779892815,72,20824.305392091857,22905.609129622033,2081.3037375301756,0.0999458900713472,106,173.2053102574318,NEUTRAL,HIGH_VOL,NEUTRAL,MID_VOL,Trailing Profit Protection
ADANIENT_NS,2018-10-01,2019-01-23,125.89272633585743,143.7015977872835,154,19387.47985572217,22036.432084145916,2648.9522284237464,0.13663210732579636,114,164.83302874000358,NEUTRAL,HIGH_VOL,NEUTRAL,LOW_VOL,Protective Risk Stop
RESPONIND_NS,2018-07-03,2019-01-29,74.33441913604489,85.60448793337494,3024,224787.2834673998,257926.1643147717,33138.88084737191,0.14742328985962383,210,1778.1822942438573,BULL,MID_VOL,BEAR,MID_VOL,Trailing Profit Protection
LINDEINDIA_NS,2018-12-31,2019-01-29,667.2246180860561,479.2679107961389,34,22685.637014926575,16222.133161779882,-6463.503853146693,-0.2849161277196611,29,156.31060116170465,NEUTRAL,HIGH_VOL,BEAR,MID_VOL,Initial Risk Stop
UNIONBANK_NS,2018-12-31,2019-01-30,73.61200550598635,69.35125850733108,896,65956.35693336384,61903.6028928437,-4052.7540405201435,-0.061445995942660515,30,477.41251988888666,NEUTRAL,HIGH_VOL,BEAR,LOW_VOL,Protective Risk Stop
ANDHRAPAP_NS,2018-12-31,2019-01-31,81.2011132221464,83.61767524886956,289,23467.121721200394,24064.692964087953,597.5712428875595,0.025464189856215243,31,187.0214422720016,NEUTRAL,HIGH_VOL,NEUTRAL,MID_VOL,Defensive Regime Exit
APOLLOHOSP_NS,2018-10-31,2019-02-18,1242.7285377889862,1119.8682430826184,65,80777.35495628533,72518.63244359836,-8258.722512686974,-0.10224056627202496,110,569.5354488825383,BEAR,HIGH_VOL,BEAR,MID_VOL,Time-Based Risk Exit
HATHWAY_NS,2018-10-31,2019-02-25,30.110610232169087,24.899999618530277,628,18909.463225802217,15566.550896417806,-3342.9123293844114,-0.17678515193508837,117,140.11208982142625,BEAR,HIGH_VOL,BULL,MID_VOL,Time-Based Risk Exit
DBCORP_NS,2019-02-26,2019-04-10,124.39131290710822,136.67163919540042,1597,198652.92671265194,217470.31438687144,18817.3876742195,0.09472494559034877,43,1527.7252797718984,BULL,MID_VOL,BULL,MID_VOL,Protective Risk Stop
BEML_NS,2018-12-31,2019-04-26,360.1887907975365,364.8535183727993,512,184416.66088833907,186128.93187073362,1712.270982394548,0.009284795495951945,116,1353.5160296646727,NEUTRAL,HIGH_VOL,BULL,MID_VOL,Protective Risk Stop
LEMONTREE_NS,2019-02-26,2019-05-02,74.3819747893201,75.0999984741211,2743,204029.75684710508,205255.17792810386,1225.4210809987853,0.006006089993613461,65,1494.374886103264,BULL,MID_VOL,BULL,MID_VOL,Portfolio Rebalance Exit
ABFRL_NS,2019-02-26,2019-05-02,217.65515454470412,212.37062072753903,887,193060.12208115277,187691.10295356842,-5369.019127584354,-0.02781008874182462,65,1390.8506552942765,BULL,MID_VOL,BULL,MID_VOL,Portfolio Rebalance Exit
BERGEPAINT_NS,2019-01-28,2019-05-10,253.5452474481615,243.2816075349116,814,206385.83142280372,197315.4322897131,-9070.399133090628,-0.04394874914891291,102,1473.95585385867,NEUTRAL,LOW_VOL,NEUTRAL,MID_VOL,Protective Risk Stop
TATACOMM_NS,2019-02-26,2019-05-30,311.6246280129727,308.6642680687268,652,203179.25746445853,200521.9186212184,-2657.3388432401116,-0.013078790012336526,93,1473.5706905008233,BULL,MID_VOL,BULL,HIGH_VOL,Portfolio Rebalance Exit
DHAMPURSUG_NS,2019-02-26,2019-06-21,201.4047538461554,167.0733822233375,945,190327.49238461704,157310.5343874273,-33016.95799718975,-0.1734744549172566,115,1273.0161482933909,BULL,MID_VOL,BULL,HIGH_VOL,Time-Based Risk Exit
LINDEINDIA_NS,2019-05-30,2019-06-28,554.9530054701752,496.4062817838727,41,22753.073224277738,20265.32927259731,-2487.743951680426,-0.10933661256036308,29,170.9111684600628,BULL,HIGH_VOL,NEUTRAL,MID_VOL,Portfolio Rebalance Exit
KAJARIACER_NS,2019-01-28,2019-07-25,506.80900936796723,439.40675315406247,407,206271.26681276318,178190.65243732074,-28080.61437544244,-0.13613439627018828,178,1405.6363293449936,NEUTRAL,LOW_VOL,BEAR,MID_VOL,Protective Risk Stop
BEL_NS,2019-05-02,2019-07-25,25.39876301896512,28.62898884439331,8343,211901.87986722603,237991.49439011497,26089.614522888936,0.12312120373465411,84,1638.5728253590414,BULL,MID_VOL,BEAR,MID_VOL,Trailing Profit Protection
UPL_NS,2019-02-26,2019-07-26,525.2385420539431,569.9839931735593,386,202742.07723282257,219220.29232984333,16478.21509702076,0.08127673999363091,150,1538.2936298088598,BULL,MID_VOL,BEAR,MID_VOL,Defensive Regime Exit
DCMSHRIRAM_NS,2019-05-02,2019-07-26,438.0228253141471,401.5795325180849,483,211565.0246267335,193261.47585809437,-18303.548768639128,-0.08651500313405905,85,1478.9295413281206,BULL,MID_VOL,BEAR,MID_VOL,Protective Risk Stop
KANSAINER_NS,2019-05-30,2019-07-26,284.1560809064875,257.02598237828187,84,23869.110796145233,21498.477919581805,-2370.632876563428,-0.09931802222587512,57,179.38685174189635,BULL,HIGH_VOL,BEAR,MID_VOL,Defensive Regime Exit
SRF_NS,2019-05-02,2019-07-26,501.5043549062202,520.3511839225156,422,211634.83777042545,218796.175233664,7161.3374632385385,0.03383817871709252,85,1569.4568212334714,BULL,MID_VOL,BEAR,MID_VOL,Portfolio Rebalance Exit
SHREECEM_NS,2019-05-02,2019-08-22,19300.758844391916,18211.33175997155,10,193007.58844393847,181453.84069934252,-11553.747744595952,-0.059861624290238134,112,1368.4855579215678,BULL,MID_VOL,BEAR,HIGH_VOL,Protective Risk Stop
FINPIPE_NS,2019-06-28,2019-08-22,89.38891387031754,88.88273810228017,1346,120317.47806944749,119197.35273227678,-1120.1253371707135,-0.009309747470971548,55,881.3380810061781,NEUTRAL,MID_VOL,BEAR,HIGH_VOL,Protective Risk Stop
CESC_NS,2019-07-26,2019-08-27,56.597733224062125,57.47909658284623,376,21280.747692247416,21520.35815680563,239.6104645582127,0.01125949463916171,32,169.95606798468046,BEAR,MID_VOL,BEAR,HIGH_VOL,Portfolio Rebalance Exit
AXISCADES_NS,2019-07-26,2019-08-27,65.03892868220164,62.75,301,19576.717533342762,18805.601933614955,-771.1155997278074,-0.03938942258396768,32,154.0646811487061,BEAR,MID_VOL,BEAR,HIGH_VOL,Portfolio Rebalance Exit
ZEEL_NS,2019-07-26,2019-08-27,372.3075255265686,341.5181886443568,50,18615.376276328803,17000.171940506174,-1615.2043358226292,-0.08676721393359708,32,144.1202568203625,BEAR,MID_VOL,BEAR,HIGH_VOL,Portfolio Rebalance Exit
ANDHRAPAP_NS,2019-08-27,2019-10-04,80.56529291340615,58.640968516779445,265,21349.802622052714,15469.551710105958,-5880.250911946756,-0.27542413464154963,38,148.73346402085303,BEAR,HIGH_VOL,NEUTRAL,HIGH_VOL,Initial Risk Stop
SUDARSCHEM_NS,2019-08-27,2019-10-07,309.955145488118,347.8239069907037,60,18597.30872928739,20780.27809283469,2182.9693635473013,0.11738092835494635,41,157.47506571933343,BEAR,HIGH_VOL,NEUTRAL,HIGH_VOL,Protective Risk Stop
HDFCLIFE_NS,2019-07-26,2019-11-20,594.7131321048508,563.3771283315376,199,118347.91328886591,111700.16820764352,-6647.745081222383,-0.05617120654249676,117,846.6261820574678,BEAR,MID_VOL,BULL,LOW_VOL,Protective Risk Stop
PIDILITIND_NS,2019-07-26,2019-11-26,645.9552213890224,633.2137949927422,124,80098.44745223943,78225.45053313379,-1872.9969191056443,-0.023383685685324455,123,587.298202219195,BEAR,MID_VOL,BULL,LOW_VOL,Protective Risk Stop
SCHAEFFLER_NS,2019-10-29,2019-12-09,763.2826029711669,833.9849884780432,268,204559.7375962735,222701.4975342288,18141.7599379553,0.0886868557377627,41,1558.330320945109,BULL,MID_VOL,BULL,LOW_VOL,Protective Risk Stop
FINPIPE_NS,2019-08-27,2019-12-20,99.29267930127412,100.20846327506298,1276,126697.45878842587,127397.9420300122,700.4832415863348,0.005528786830334798,115,933.5367554724512,BEAR,HIGH_VOL,BULL,LOW_VOL,Protective Risk Stop
RALLIS_NS,2019-08-27,2019-12-26,161.57050415642988,158.4712058994742,723,116815.47450509896,114153.96380479808,-2661.5107003008743,-0.022783888107090644,121,849.8840586167119,BEAR,HIGH_VOL,BULL,LOW_VOL,Portfolio Rebalance Exit
PCBL_NS,2019-11-27,2020-01-22,49.55064828503811,57.51740304551724,4088,202563.05018923583,234284.0240360536,31720.973846817767,0.15659802623027155,56,1591.2901617716116,BULL,LOW_VOL,NEUTRAL,MID_VOL,Protective Risk Stop
IGL_NS,2020-01-23,2020-02-27,210.5768459807634,204.2070472328757,554,116659.57267334315,112715.22074972688,-3944.3519236162683,-0.033810786660952316,35,844.0274286428262,NEUTRAL,MID_VOL,BEAR,HIGH_VOL,Protective Risk Stop
MOTHERSON_NS,2019-12-26,2020-02-28,37.648931789966554,26.509734166995408,5157,194155.54124085754,136211.8131392633,-57943.72810159423,-0.2984397340981001,64,1212.1083044079373,BULL,LOW_VOL,BEAR,HIGH_VOL,Defensive Regime Exit
LINDEINDIA_NS,2019-12-26,2020-03-02,645.1830572806455,647.3381352720984,310,200006.74775700076,199949.42453917206,-57.32321782869985,-0.00028660641939113474,67,1460.5660632400932,BULL,LOW_VOL,BEAR,HIGH_VOL,Defensive Regime Exit
ADANIENT_NS,2019-11-27,2020-03-03,209.45932308868217,218.9123029571567,932,195216.089118652,203289.28407813737,8073.1949594853795,0.04135517208614146,97,1454.1009254005808,BULL,LOW_VOL,BEAR,HIGH_VOL,Defensive Regime Exit
SCHAEFFLER_NS,2019-12-26,2020-03-03,862.2678943293358,814.1090702382112,239,206082.02674471212,193867.7179101902,-12214.308834521915,-0.05926916105911853,68,1461.9449215635182,BULL,LOW_VOL,BEAR,HIGH_VOL,Protective Risk Stop
TRENT_NS,2019-06-28,2020-03-06,473.90479404801124,655.3886821394045,394,186718.4888549169,257294.44028430083,70575.95142938392,0.37798051956291534,252,1614.6390979034668,NEUTRAL,MID_VOL,BEAR,HIGH_VOL,Trailing Profit Protection
KANSAINER_NS,2019-10-29,2020-03-11,349.85914867900914,305.0964438124036,584,204317.7428285417,177530.73981797666,-26787.003010565037,-0.13110463457421814,134,1396.2247532336246,BULL,MID_VOL,BEAR,HIGH_VOL,Defensive Regime Exit
BERGEPAINT_NS,2019-08-27,2020-03-12,373.328311107743,391.55159721681247,315,117598.41799893943,122887.16359497276,5288.745596033332,0.04497293149029461,198,883.5821655368514,BEAR,HIGH_VOL,BEAR,HIGH_VOL,Trailing Profit Protection
ZFCVINDIA_NS,2019-07-26,2020-03-20,6067.390693877779,5821.464408490366,3,18202.172081639404,17387.281376197614,-814.8907054417905,-0.04476887163723574,238,143.9776231583428,BEAR,MID_VOL,BEAR,HIGH_VOL,Protective Risk Stop
INDIGRID_NS,2020-03-23,2020-03-25,49.94852166529127,45.3771664993845,419,20928.43057775709,18930.44223912424,-1997.988338632851,-0.09546766209771743,2,159.4720378802948,BEAR,HIGH_VOL,BEAR,HIGH_VOL,Initial Risk Stop
BORORENEW_NS,2020-03-23,2020-03-26,37.387342371185014,30.0,550,20563.038304151796,16426.29903083997,-4136.739273311825,-0.20117354313718286,3,149.23927331182446,BEAR,HIGH_VOL,BEAR,HIGH_VOL,Initial Risk Stop
METROPOLIS_NS,2020-03-23,2020-04-24,333.19119363346357,296.3227306012207,60,19991.47161800815,17701.138217842738,-2290.333400165411,-0.11456552293540502,32,151.66347967711107,BEAR,HIGH_VOL,NEUTRAL,HIGH_VOL,Portfolio Rebalance Exit
INDOSTAR_NS,2020-03-23,2020-05-20,255.94019246977595,278.25,90,23034.61732228009,24938.583597412744,1903.9662751326541,0.08265673566415425,58,188.53372486734486,BEAR,HIGH_VOL,NEUTRAL,HIGH_VOL,Protective Risk Stop
OMAXE_NS,2020-03-23,2020-05-22,159.53688158375434,171.1999969482422,182,29035.71244824345,31032.8501144107,1997.1376661672512,0.06878211339663788,60,232.21224838353248,BEAR,HIGH_VOL,BEAR,HIGH_VOL,Protective Risk Stop
NETWORK18_NS,2020-04-24,2020-06-11,24.941626274838406,34.5,797,19878.476141046234,27383.901072451532,7505.424931405298,0.3775654068325519,48,185.6247645633306,NEUTRAL,HIGH_VOL,NEUTRAL,HIGH_VOL,Protective Risk Stop
RESPONIND_NS,2020-03-23,2020-08-18,90.0480473116186,95.41075222087812,913,82213.86719550788,86786.43335480292,4572.566159295049,0.05561794275436896,148,625.6747930208044,BEAR,HIGH_VOL,BULL,LOW_VOL,Portfolio Rebalance Exit
INDIACEM_NS,2020-03-23,2020-08-18,110.3534100931491,113.36494973661902,741,81771.87687902359,83690.9671393541,1919.0902603305149,0.023468829793031283,148,612.8460969844971,BEAR,HIGH_VOL,BULL,LOW_VOL,Portfolio Rebalance Exit
AUROPHARMA_NS,2020-05-26,2020-09-09,819.2450912095192,758.5979434149069,149,122067.51859021917,112615.96257708859,-9451.556013130583,-0.07742891903012684,106,863.5406485588505,BEAR,HIGH_VOL,NEUTRAL,LOW_VOL,Protective Risk Stop
BEML_NS,2020-06-23,2020-09-11,270.9322584668067,251.2878220235648,867,234898.26809072166,217080.6030806135,-17817.665010108147,-0.07585268786752683,80,1648.8276309417402,NEUTRAL,MID_VOL,BULL,MID_VOL,Protective Risk Stop
AARTIDRUGS_NS,2020-05-26,2020-10-26,505.10002394045495,756.3201468679879,249,125769.90596117379,187642.2750974887,61872.3691363149,0.4919489178549232,153,1143.4518779291366,BEAR,HIGH_VOL,BULL,MID_VOL,Trailing Profit Protection
FEDERALBNK_NS,2020-09-15,2020-11-02,51.68148312708425,48.79713878332561,4675,241610.9336191189,227304.3996034522,-14306.534015666693,-0.05921310679681345,48,1709.7716641688849,BULL,MID_VOL,BULL,MID_VOL,Protective Risk Stop
BASF_NS,2020-03-23,2020-11-05,1331.8346285502228,1445.5754829676073,97,129187.95896937294,139709.50625434742,10521.547284974484,0.08144371479286909,227,985.8855556986042,BEAR,HIGH_VOL,BULL,MID_VOL,Time-Based Risk Exit
BEML_NS,2020-09-15,2020-11-27,259.8092479360697,289.172488862488,884,229671.3751754859,254708.94691778763,25037.57174230172,0.10901476826692558,73,1763.2268683050684,BULL,MID_VOL,BULL,LOW_VOL,Protective Risk Stop
TRENT_NS,2020-11-11,2020-12-18,723.8165337582976,698.2795868886927,336,243202.35534278874,233776.74198053338,-9425.61336225536,-0.03875625854433092,37,1738.5963812406708,BULL,MID_VOL,BULL,LOW_VOL,Trend/Risk Deterioration Exit
FEDERALBNK_NS,2020-11-11,2020-12-21,56.74815201944276,63.13519250058466,4288,243336.0758593706,269750.8152574381,26414.739398067497,0.10855250009592975,40,1866.7748974910103,BULL,MID_VOL,BULL,MID_VOL,Protective Risk Stop
ADANIGREEN_NS,2020-05-26,2021-03-09,332.5801921939155,1179.949951171875,366,121724.3503429734,430318.84420326754,308594.4938602941,2.535191134648006,287,1989.9871577722647,BEAR,HIGH_VOL,NEUTRAL,MID_VOL,Trend/Risk Deterioration Exit
MARKSANS_NS,2020-04-24,2021-03-31,41.779412911230416,49.03548111350668,3249,135741.31254858765,158737.39315910742,22996.08061051977,0.16941106711553627,341,1077.5286826970373,NEUTRAL,HIGH_VOL,NEUTRAL,MID_VOL,Protective Risk Stop
LINDEINDIA_NS,2020-12-10,2021-05-31,896.7575966287088,1590.4840042911694,318,285168.9157279303,503969.193863671,218800.27813574066,0.7672655260382248,172,2852.4624012285003,BULL,LOW_VOL,BULL,LOW_VOL,Trailing Profit Protection
VEDL_NS,2021-01-08,2021-06-25,92.94563291100731,121.6602344089169,3700,343898.84177072713,448535.36975454283,104636.5279838157,0.30426542713852905,168,2870.795308501177,BULL,LOW_VOL,BULL,LOW_VOL,Trailing Profit Protection
EVEREADY_NS,2020-03-23,2021-07-07,113.68174798021376,310.24224642565974,1149,130620.3284292657,355192.0661745835,224571.7377453178,1.7192709622295064,471,1756.1066316555812,BEAR,HIGH_VOL,BULL,LOW_VOL,Trend/Risk Deterioration Exit
ADANIENT_NS,2020-11-11,2021-07-16,359.65076555295957,1406.490235512165,676,243123.91751380102,947409.1237378367,704285.2062240357,2.8968158025178936,247,4271.380713435853,BULL,MID_VOL,BULL,LOW_VOL,Trailing Profit Protection
SUDARSCHEM_NS,2021-08-04,2021-08-18,761.2026001059905,595.2629505332535,606,461288.77566423104,359438.0528476423,-101850.72281658876,-0.22079601366829096,14,2985.9300929648957,BULL,LOW_VOL,BULL,LOW_VOL,Initial Risk Stop
HINDPETRO_NS,2021-01-08,2021-08-23,123.1324298171866,143.1261457090301,3108,382695.5918718161,443247.3276624497,60551.7357906336,0.15822428341666242,227,2994.5499417147926,BULL,LOW_VOL,BULL,LOW_VOL,Protective Risk Stop
HIKAL_NS,2021-07-06,2021-10-14,543.2111238995725,482.3631211750135,826,448692.38834104745,397007.29741288075,-51685.0909281667,-0.11519047853533294,100,3072.925512663554,BULL,LOW_VOL,BULL,MID_VOL,Protective Risk Stop
PCBL_NS,2020-08-18,2021-10-19,53.65381564660377,108.73261646127754,4381,235057.36634777117,474657.3156285032,239599.94928073205,1.0193254225704207,427,2563.7770793170803,BULL,LOW_VOL,BULL,LOW_VOL,Trend/Risk Deterioration Exit
DCMSHRIRAM_NS,2021-06-08,2021-10-27,718.805232887149,940.524395082178,646,464348.180445099,605413.0334779081,141064.8530328091,0.30379111833192063,141,3871.595550106371,BULL,LOW_VOL,BULL,LOW_VOL,Trailing Profit Protection
MASTEK_NS,2021-09-02,2021-11-01,2618.6993049795524,2646.160022109132,176,460891.07767640386,464061.50190962676,3170.424233222904,0.006878901299644794,60,3355.767318277548,BULL,LOW_VOL,BULL,MID_VOL,Portfolio Rebalance Exit
KAJARIACER_NS,2020-08-18,2021-11-25,387.06584035949476,1110.58956235311,557,215595.67308023898,616394.9112435043,400799.2381632653,1.8590319204323662,464,2995.505805780439,BULL,LOW_VOL,NEUTRAL,MID_VOL,Trailing Profit Protection
NETWORK18_NS,2021-08-04,2021-12-01,51.18808465437596,73.0,9013,461358.20698989066,655606.0328136061,194247.82582371542,0.42103472503735434,119,4038.17417628453,BULL,LOW_VOL,NEUTRAL,HIGH_VOL,Trailing Profit Protection
KSB_NS,2021-11-01,2021-12-01,261.91899120187355,239.36038979239132,1890,495026.8933715412,450771.4979054643,-44255.39546607691,-0.08939998222048338,30,3442.277524075647,BULL,MID_VOL,NEUTRAL,HIGH_VOL,Portfolio Rebalance Exit
FINPIPE_NS,2021-11-01,2021-12-01,217.94249531737344,201.3154040989165,2214,482524.684632665,444120.3139749182,-38404.3706577468,-0.07959047874821816,30,3364.758583562095,BULL,MID_VOL,NEUTRAL,HIGH_VOL,Portfolio Rebalance Exit
ANDHRSUGAR_NS,2021-11-01,2021-12-02,120.11180373774106,110.0850264544374,4122,495100.8550069687,452147.9674387337,-42952.88756823499,-0.08675583395554914,31,3444.0388899163386,BULL,MID_VOL,NEUTRAL,HIGH_VOL,Protective Risk Stop
CANBK_NS,2021-04-08,2021-12-23,27.12794985915721,34.866573275057185,15118,410120.34597073874,525233.1154351233,115112.76946438459,0.28068046512522365,259,3386.298462033409,NEUTRAL,MID_VOL,NEUTRAL,HIGH_VOL,Trailing Profit Protection
NETWORK18_NS,2021-12-01,2022-01-27,85.07894252026739,78.25,1935,164627.75377671747,150862.85673389386,-13764.897042823606,-0.08361225083282592,57,1155.6470428236346,NEUTRAL,HIGH_VOL,NEUTRAL,MID_VOL,Portfolio Rebalance Exit
UNIONBANK_NS,2021-12-29,2022-01-27,38.14079404702799,36.4892954627934,1395,53206.40769560408,50707.18475285841,-2499.2229427456696,-0.046972217275855585,29,390.8338313505816,BULL,HIGH_VOL,NEUTRAL,MID_VOL,Portfolio Rebalance Exit
TRIDENT_NS,2021-11-01,2022-02-14,36.64611063720167,50.55437088012695,13512,495162.2469298691,680659.1903243699,185496.94339450082,0.37461851048747896,105,4250.440359150629,BULL,MID_VOL,NEUTRAL,HIGH_VOL,Trailing Profit Protection
CESC_NS,2021-04-08,2022-02-17,56.66960252906655,68.9798945677456,7288,413008.06323183706,500931.6630448013,87923.59981296421,0.2128859158945993,315,3310.9852498478413,NEUTRAL,MID_VOL,NEUTRAL,HIGH_VOL,Trailing Profit Protection
BCG_NS,2021-12-01,2022-02-18,101.14648540435618,76.35497217069445,1591,160924.05827833078,121035.74234069855,-39888.31593763223,-0.24787043257784525,79,1036.166199240849,NEUTRAL,HIGH_VOL,NEUTRAL,HIGH_VOL,Protective Risk Stop
TRENT_NS,2021-12-01,2022-02-24,1126.6474085422508,1011.9600666416324,178,200543.23872052177,179476.43475431573,-21066.803966206033,-0.10504868725873553,85,1389.1443384023053,NEUTRAL,HIGH_VOL,BEAR,HIGH_VOL,Time-Based Risk Exit
PRICOLLTD_NS,2022-01-27,2022-02-24,127.98680598419143,109.62743433611,2183,279395.19746349,238454.85080293563,-40940.34666055438,-0.14653203430923062,28,1888.229730301328,NEUTRAL,MID_VOL,BEAR,HIGH_VOL,Portfolio Rebalance Exit
KABRAEXTRU_NS,2018-03-08,2022-03-03,116.86476392174978,424.4331801306092,330,38565.37209417755,139552.18130788155,100986.809213704,2.618587705237015,1456,652.4412285516935,NEUTRAL,HIGH_VOL,BEAR,HIGH_VOL,Trailing Profit Protection
BIOCON_NS,2022-02-24,2022-03-07,386.4985793427254,322.7138740308357,125,48312.32241784106,40181.214377679134,-8131.108040161926,-0.16830298427465415,11,335.49307483492146,NEUTRAL,HIGH_VOL,BEAR,HIGH_VOL,Initial Risk Stop
ELGIEQUIP_NS,2022-01-27,2022-03-16,315.95508834254724,305.71566067772864,844,266666.0945611102,257096.02261240565,-9570.071948704543,-0.035887846801279155,48,1907.613344248605,NEUTRAL,MID_VOL,NEUTRAL,HIGH_VOL,Protective Risk Stop
WONDERLA_NS,2022-02-24,2022-03-28,225.43050962720886,225.1959396101268,210,47340.40702171408,47108.50952561954,-231.89749609454157,-0.004898510821594222,32,356.5944425328786,NEUTRAL,HIGH_VOL,NEUTRAL,HIGH_VOL,Portfolio Rebalance Exit
GESHIP_NS,2022-02-24,2022-04-05,263.926930385701,300.0718172136248,179,47242.92053904074,53507.52988004011,6264.60934099937,0.13260419274507818,40,378.8714337384205,NEUTRAL,HIGH_VOL,BULL,MID_VOL,Protective Risk Stop
VTL_NS,2021-12-29,2022-04-13,450.2555846430395,431.27852744385,118,53130.15898787911,50695.52517017165,-2434.633817707465,-0.04582395129408312,105,390.5124722259404,BULL,HIGH_VOL,BULL,MID_VOL,Protective Risk Stop
NH_NS,2022-02-24,2022-04-27,706.5503866430989,701.3172210801195,286,202073.41057992703,199851.898646604,-2221.511933323025,-0.01099358855253418,62,1467.152672914293,NEUTRAL,HIGH_VOL,NEUTRAL,HIGH_VOL,Portfolio Rebalance Exit
ANDHRSUGAR_NS,2021-12-29,2022-05-11,143.99407830392136,131.4160659102824,1416,203895.6148783528,185411.57919470943,-18484.035683643364,-0.0906544051703673,133,1422.5902223711682,BULL,HIGH_VOL,BEAR,HIGH_VOL,Protective Risk Stop
NETWORK18_NS,2022-04-27,2022-05-12,114.31995134880744,67.44999694824219,479,54759.256696078875,32178.93317712184,-22580.323518957037,-0.4123562824141464,15,330.7713262690521,NEUTRAL,HIGH_VOL,BEAR,HIGH_VOL,Initial Risk Stop
JAGSNPHARM_NS,2022-03-28,2022-05-23,113.01910030623996,128.62386884462333,479,54136.14904668906,61377.57072644047,7241.421679751409,0.1337631473104253,56,432.13133535214587,NEUTRAL,HIGH_VOL,BEAR,HIGH_VOL,Defensive Regime Exit
BLUESTARCO_NS,2022-04-27,2022-05-26,560.4828401481129,477.11899646349536,97,54366.83549436751,46101.50782536248,-8265.327669005026,-0.15202885350686499,29,378.7495502838713,NEUTRAL,HIGH_VOL,BEAR,HIGH_VOL,Defensive Regime Exit
BEL_NS,2022-04-27,2022-05-26,79.17685074226026,72.40112465285084,301,23832.23207342034,21700.317604118336,-2131.9144693020025,-0.08945509017930757,29,92.42091638976532,NEUTRAL,HIGH_VOL,BEAR,HIGH_VOL,Defensive Regime Exit
BEL_NS,2022-04-27,2022-05-27,79.17685074226026,73.29338941945421,301,23832.23207342042,21967.93936077009,-1864.2927126503273,-0.07822568641103211,30,180.91751086127954,NEUTRAL,HIGH_VOL,BEAR,HIGH_VOL,Defensive Regime Exit
SPLPETRO_NS,2022-03-28,2022-05-31,432.41320712113264,360.39740052478606,124,53619.23768302088,44515.87073945285,-9103.366943568035,-0.16977800015330535,64,370.3763840171814,NEUTRAL,HIGH_VOL,BEAR,HIGH_VOL,Protective Risk Stop
KSB_NS,2022-05-26,2022-06-23,285.0485711909881,268.73389823261573,184,52448.9370991421,49256.79749012516,-3192.1396090169437,-0.06086185508360201,28,382.91175332585556,BEAR,HIGH_VOL,BEAR,HIGH_VOL,Portfolio Rebalance Exit
VSTIND_NS,2022-05-26,2022-06-23,254.31022966958383,230.0928629515504,193,49081.87432622993,44235.4774373615,-4846.396888868432,-0.09874107204334005,28,352.77698199925067,BEAR,HIGH_VOL,BEAR,HIGH_VOL,Portfolio Rebalance Exit
MBAPL_NS,2022-05-26,2022-06-23,164.80529803193366,162.8687949139942,312,51419.25298596347,50619.95725598557,-799.2957299778936,-0.015544677986591657,28,384.02438605239394,BEAR,HIGH_VOL,BEAR,HIGH_VOL,Portfolio Rebalance Exit
GILLETTE_NS,2022-06-23,2022-08-02,4566.445240492157,4840.765510019709,10,45664.45240492613,48221.07388274404,2556.6214778179055,0.055987126597889646,40,354.3424599249711,BEAR,HIGH_VOL,NEUTRAL,LOW_VOL,Protective Risk Stop
SMCGLOBAL_NS,2022-05-26,2022-08-10,40.379924662643205,39.89248539852858,1323,53422.640328677,52575.71632555687,-846.9240031201334,-0.015853278645711358,76,398.33333605980755,BEAR,HIGH_VOL,NEUTRAL,LOW_VOL,Protective Risk Stop
SPLPETRO_NS,2022-06-23,2022-08-22,407.0155810867003,392.43155725893126,135,54947.10344670495,52775.52352258016,-2171.579924124788,-0.03952128115781529,60,404.595643660849,BEAR,HIGH_VOL,BULL,MID_VOL,Time-Based Risk Exit
RBA_NS,2022-07-21,2022-08-30,118.23466454850342,128.1999969482422,4263,504034.3749702702,544566.8322269625,40532.457256692345,0.08041605745457955,40,3802.7167240206873,NEUTRAL,LOW_VOL,BULL,MID_VOL,Protective Risk Stop
NAVA_NS,2022-04-27,2022-09-29,94.58573833026462,87.71687778200135,3272,309484.5358166259,285979.0947196128,-23505.44109701313,-0.07595029275046054,155,2167.4174624887028,NEUTRAL,HIGH_VOL,BEAR,LOW_VOL,Protective Risk Stop
ELGIEQUIP_NS,2022-06-23,2022-09-29,451.7949755010346,410.6113930094664,700,316256.4828507247,286395.9923909143,-29860.49045981042,-0.09441858769391545,98,2193.7468605197137,BEAR,HIGH_VOL,BEAR,LOW_VOL,Protective Risk Stop
VAIBHAVGBL_NS,2022-08-22,2022-10-10,291.6264023955104,340.84208304227343,1854,540675.3500412765,629670.1959000425,88994.845858766,0.16459941414375912,49,4239.439899387919,BULL,LOW_VOL,NEUTRAL,MID_VOL,Protective Risk Stop
MAHLIFE_NS,2022-03-28,2022-10-19,421.8394576878074,408.4208342814292,726,306255.4462813486,295449.31377042725,-10806.132510921336,-0.03528470315265523,205,2189.2708633520133,NEUTRAL,HIGH_VOL,NEUTRAL,MID_VOL,Portfolio Rebalance Exit
SCHAEFFLER_NS,2021-09-02,2022-10-25,1417.3599357553278,2999.9776772704104,334,473398.21854228096,998432.9247138953,525034.7061716144,1.1090762187241343,418,5299.010425295162,BULL,LOW_VOL,BULL,LOW_VOL,Trailing Profit Protection
HIKAL_NS,2022-08-22,2022-11-18,319.39348166671385,326.1215553028433,1693,540733.1644617468,550154.3978782477,9421.23341650085,0.017423073034329002,88,3956.0470814601567,BULL,LOW_VOL,BULL,LOW_VOL,Portfolio Rebalance Exit
TVSMOTOR_NS,2022-06-23,2022-12-12,1020.4962750371913,1018.0674760734904,303,309210.37133627,307368.03053857235,-1842.3407976976596,-0.005958211523552331,172,2242.285604576732,BEAR,HIGH_VOL,BULL,LOW_VOL,Time-Based Risk Exit
VAIBHAVGBL_NS,2022-10-19,2022-12-16,324.8437627302356,315.0065984540465,1513,491488.6130108467,474900.8851861964,-16587.727824650297,-0.033749973825505944,58,3509.625409057128,NEUTRAL,MID_VOL,NEUTRAL,LOW_VOL,Time-Based Risk Exit
KSB_NS,2022-10-19,2023-01-09,393.4955950446544,373.6773587658516,751,295515.19187853584,279622.2324876064,-15892.959390929434,-0.05378051561376865,82,2095.603694777308,NEUTRAL,MID_VOL,NEUTRAL,MID_VOL,Time-Based Risk Exit
PCBL_NS,2022-08-22,2023-01-13,113.60929666566423,112.73718042532684,4760,540780.2521285618,534714.9700014477,-6065.282127114129,-0.011215798105127931,144,3901.454121656626,BULL,LOW_VOL,NEUTRAL,LOW_VOL,Portfolio Rebalance Exit
ELGIEQUIP_NS,2022-11-18,2023-01-13,494.60010241606244,409.2262092141369,1077,532684.3103020997,439162.230529884,-93522.07977221569,-0.17556755091806023,56,3531.265071786481,BULL,LOW_VOL,NEUTRAL,LOW_VOL,Portfolio Rebalance Exit
TRIDENT_NS,2022-12-16,2023-01-13,34.38745478632769,31.89828109741211,15905,546932.468376542,505532.1062041742,-41400.36217236775,-0.07569556493008418,28,3819.5143165613904,BULL,LOW_VOL,NEUTRAL,LOW_VOL,Portfolio Rebalance Exit
AARTIDRUGS_NS,2022-09-20,2023-01-20,457.57607765863753,429.8303392175436,1229,562360.999442466,526359.7173370892,-36001.28210537671,-0.06401809894546205,122,3968.1159675317354,NEUTRAL,MID_VOL,BULL,LOW_VOL,Protective Risk Stop
UNIONBANK_NS,2022-12-16,2023-02-23,82.44094021219179,61.352880129691634,6634,546913.1973676804,405560.0525625878,-141353.1448050926,-0.25845626963370444,69,3464.0222671197616,BULL,LOW_VOL,BEAR,LOW_VOL,Initial Risk Stop
IIFL_NS,2022-11-18,2023-02-24,413.89388128349157,432.025103768914,1287,532681.425211854,554034.1768964776,21352.751684623538,0.040085406913018005,98,3939.036683705899,BULL,LOW_VOL,BEAR,LOW_VOL,Defensive Regime Exit
NAVA_NS,2023-01-13,2023-03-01,116.37682310012826,111.5873682682904,4393,511243.3838788636,488453.95331581216,-22789.430563051428,-0.04457648016908374,47,3627.759126183855,NEUTRAL,LOW_VOL,BEAR,LOW_VOL,Protective Risk Stop
ITC_NS,2022-03-28,2023-03-03,252.0339237881268,325.1127958905374,1204,303448.8442409049,390035.9574176854,86587.11317678052,0.2853433612290838,340,2514.554840569029,NEUTRAL,HIGH_VOL,NEUTRAL,LOW_VOL,Defensive Regime Exit
PRICOLLTD_NS,2022-10-19,2023-03-14,200.63006905948077,184.6225616455078,2268,455028.9966269026,417227.4364541214,-37801.56017278123,-0.08307505775016866,146,3168.162021318921,NEUTRAL,MID_VOL,BEAR,MID_VOL,Defensive Regime Exit
CESC_NS,2023-02-13,2023-03-27,63.213964741655154,60.996405271921525,8306,525055.1911441878,504828.0628159607,-20227.128328227147,-0.03852381362833242,42,3737.775615922729,NEUTRAL,LOW_VOL,BEAR,MID_VOL,Protective Risk Stop
DCW_NS,2022-10-19,2023-03-28,59.0095780021677,40.59118442037399,4974,293513.6409827822,201170.58261179365,-92343.05837098852,-0.3146124931767838,160,1808.22850771791,NEUTRAL,MID_VOL,BEAR,MID_VOL,Initial Risk Stop
NAVA_NS,2023-03-14,2023-04-17,119.50385472040948,110.3890421314588,425,50789.13825617415,46734.06299495352,-4055.075261220627,-0.07984138736056767,34,367.85177995689844,BEAR,MID_VOL,NEUTRAL,LOW_VOL,Portfolio Rebalance Exit
BEPL_NS,2023-03-14,2023-04-17,56.26044102143852,56.89770073771935,914,51422.04309359486,51805.197165737234,383.1540721423735,0.007451163919041156,34,388.20307618066545,BEAR,MID_VOL,NEUTRAL,LOW_VOL,Portfolio Rebalance Exit
VAIBHAVGBL_NS,2023-03-14,2023-04-17,292.15111863708637,287.6467899984719,177,51710.74799876458,50718.05655559736,-992.6914431672194,-0.019197004135212584,34,385.3867374028671,BEAR,MID_VOL,NEUTRAL,LOW_VOL,Portfolio Rebalance Exit
SAKSOFT_NS,2023-01-13,2023-05-09,110.22395941943589,140.2442117074536,4639,511328.9477467632,648274.530913609,136945.58316684578,0.267822863873274,116,4200.065948103869,NEUTRAL,LOW_VOL,BULL,LOW_VOL,Trailing Profit Protection
QUESS_NS,2023-04-17,2023-06-12,342.97051916781203,399.2797046127209,1604,550124.7127451708,638163.3294789746,88038.61673380376,0.1600339244795663,56,4302.502701814043,NEUTRAL,LOW_VOL,BULL,LOW_VOL,Protective Risk Stop
SRF_NS,2023-04-17,2023-06-13,2426.9891780072167,2336.463591692116,205,497532.7814914819,477265.5529131858,-20267.228578296083,-0.04073546373676098,57,3537.1562746736113,NEUTRAL,LOW_VOL,BULL,LOW_VOL,Portfolio Rebalance Exit
NUCLEUS_NS,2023-03-14,2023-06-28,557.9317091425488,981.4914918688164,92,51329.717241115046,89962.49474719886,38632.77750608381,0.752639593251821,106,523.2813348415269,BEAR,MID_VOL,BULL,LOW_VOL,Trailing Profit Protection
KSB_NS,2023-03-14,2023-07-05,435.25248999820934,423.7540018006101,490,213273.72009912302,206889.36707735492,-6384.353021768096,-0.029935019742708322,113,1533.5958047046536,BEAR,MID_VOL,BULL,LOW_VOL,Trend/Risk Deterioration Exit
SURYAROSNI_NS,2023-01-13,2023-07-07,137.55440282352652,188.46845826722708,3717,511289.7152950482,698043.7973725798,186754.0820775316,0.36526078364350056,175,4372.269392152709,NEUTRAL,LOW_VOL,BULL,LOW_VOL,Trend/Risk Deterioration Exit
VAIBHAVGBL_NS,2023-06-13,2023-07-12,295.0338425415311,287.1624826161686,2024,597148.4973040592,579131.1850460903,-18017.312257968937,-0.030172247505120636,29,4289.687393753187,BULL,LOW_VOL,BULL,LOW_VOL,Portfolio Rebalance Exit
ANDHRSUGAR_NS,2023-07-12,2023-09-07,107.80519433557747,121.54199361702764,5643,608344.7116356638,683387.7835312989,75043.0718956351,0.1233561670880082,57,4765.278923178099,BULL,LOW_VOL,BULL,LOW_VOL,Protective Risk Stop
TEAMLEASE_NS,2023-07-12,2023-09-08,2417.682148082301,2650.0,76,183743.84325425728,200672.1687516977,16928.32549744041,0.09213002840054717,58,1402.870791622076,BULL,LOW_VOL,BULL,LOW_VOL,Protective Risk Stop
TRIDENT_NS,2023-07-12,2023-09-26,32.03712992063744,36.26773020012173,18990,608385.097192905,686272.7719299434,77887.67473703832,0.12802364011941259,76,4686.556445573589,BULL,LOW_VOL,BULL,LOW_VOL,Trailing Profit Protection
AARTIDRUGS_NS,2023-04-17,2023-10-06,413.84139594103016,520.2108282647569,1318,545442.9598502781,683197.3036908152,137754.34384053713,0.2525549947117296,172,4444.372576397648,NEUTRAL,LOW_VOL,BULL,MID_VOL,Trailing Profit Protection
KAJARIACER_NS,2023-07-12,2023-10-18,1268.4699914972437,1270.3657919955313,524,664678.275544557,663301.4702950848,-1376.8052494722651,-0.0020713859623955324,98,4812.183809940078,BULL,LOW_VOL,NEUTRAL,MID_VOL,Time-Based Risk Exit
ZENSARTECH_NS,2023-04-17,2023-10-27,265.9224845856168,474.14815873977625,1973,524665.0620874222,932169.9931236324,407504.93103621015,0.7766953824120076,193,5251.7136529772115,NEUTRAL,LOW_VOL,NEUTRAL,HIGH_VOL,Trailing Profit Protection
BEML_NS,2023-10-09,2023-10-27,1171.0588981955837,984.1952146239832,625,731911.811372241,612930.9658677473,-118980.84550449369,-0.16256172349701506,18,4879.712015403287,BULL,MID_VOL,NEUTRAL,HIGH_VOL,Initial Risk Stop
GOKEX_NS,2023-06-13,2023-11-03,490.8645223083577,800.0,1216,596891.2591269634,969343.5886377025,372452.3295107391,0.6239869051785119,143,5650.877701001824,BULL,LOW_VOL,NEUTRAL,HIGH_VOL,Trailing Profit Protection
BHARATRAS_NS,2023-10-09,2023-11-07,2332.9470951885924,2194.431436616258,45,104982.619283489,98384.00780816212,-6598.611475326878,-0.06285432312855872,29,751.8196686621209,BULL,MID_VOL,NEUTRAL,HIGH_VOL,Portfolio Rebalance Exit
LINDEINDIA_NS,2023-04-17,2023-11-28,4206.426983196435,5945.068484388385,137,576280.4966979157,811577.9645599325,235297.46786201675,0.40830371530924614,225,5013.659579741842,NEUTRAL,LOW_VOL,BULL,LOW_VOL,Trailing Profit Protection
MASTEK_NS,2023-11-07,2023-12-07,2314.614092645553,2352.011910733824,131,303214.4461365697,307008.24139108456,3793.7952545148437,0.012511921192587552,30,2219.235074775501,NEUTRAL,HIGH_VOL,BULL,MID_VOL,Portfolio Rebalance Exit
SAKSOFT_NS,2023-05-16,2023-12-14,162.94938388708877,256.2616368789283,3433,559405.2348843759,876597.5398195657,317192.3049351898,0.5670170480273582,212,5204.694357314078,BULL,LOW_VOL,BULL,MID_VOL,Trailing Profit Protection
APARINDS_NS,2023-11-07,2024-01-12,5078.366839598158,5414.467732753142,14,71097.13575437928,75519.09456296262,4421.958808583338,0.06219601903317131,66,544.625932537147,NEUTRAL,HIGH_VOL,BULL,MID_VOL,Trend/Risk Deterioration Exit
AARTIDRUGS_NS,2023-12-07,2024-01-31,485.34994160111296,510.05915652465967,1578,765882.2078465567,802009.6914533481,36127.48360679147,0.04717107048141476,55,5678.9680469839295,BULL,MID_VOL,NEUTRAL,HIGH_VOL,Protective Risk Stop
ANDHRAPAP_NS,2023-12-07,2024-02-08,113.25563718079307,106.38812574581628,6983,790864.1144334781,740261.644273746,-50602.470159732155,-0.06398377323768238,63,5553.655085342784,BULL,MID_VOL,BULL,HIGH_VOL,Protective Risk Stop
NETWORK18_NS,2023-11-07,2024-02-12,72.3156517051742,108.4000015258789,1061,76726.9064591899,114590.26259508418,37863.35613589428,0.49348211576904044,97,703.9922451482021,NEUTRAL,HIGH_VOL,NEUTRAL,HIGH_VOL,Trailing Profit Protection
CESC_NS,2023-09-07,2024-02-15,86.60996937814342,121.39823680189043,6138,531611.9920430444,742491.4495974459,210879.45755440148,0.3966792711804113,161,4603.869906853721,BULL,LOW_VOL,NEUTRAL,HIGH_VOL,Trailing Profit Protection
PCBL_NS,2023-10-09,2024-03-07,185.40148625032387,269.05574590537844,3953,732892.0751475304,1059800.041675653,326907.96652812266,0.4460519872074158,150,6469.730636327984,BULL,MID_VOL,BULL,MID_VOL,Trailing Profit Protection
MASTEK_NS,2024-02-06,2024-03-13,2855.5939151342845,2680.5891893451044,29,82812.2235388971,77446.78989233314,-5365.433646563964,-0.06479035844320503,36,594.5042624563232,BULL,HIGH_VOL,BULL,HIGH_VOL,Protective Risk Stop
BEML_NS,2024-01-05,2024-03-18,1460.7288144061226,1397.8184187239683,525,766882.6275632159,731243.6742015308,-35638.953361685155,-0.04647250058972988,73,5428.15872561534,BULL,MID_VOL,BULL,HIGH_VOL,Protective Risk Stop
ANDHRSUGAR_NS,2023-11-07,2024-03-28,108.91422141956036,93.74794305767864,690,75150.81277949676,64441.92324074098,-10708.889538755779,-0.14249865227908037,142,520.2439299485981,NEUTRAL,HIGH_VOL,BULL,HIGH_VOL,Time-Based Risk Exit
DCMSHRIRAM_NS,2024-02-06,2024-04-04,1001.3083196574166,903.96988147635,83,83108.59053156657,74748.77343818877,-8359.817093377802,-0.10058908519453894,58,586.0242935273918,BULL,HIGH_VOL,BULL,MID_VOL,Time-Based Risk Exit
VISAKAIND_NS,2024-03-05,2024-04-05,129.16702327367906,116.31804746912054,6353,820598.0988576831,736338.4453202182,-84259.65353746491,-0.10268078082895744,31,5645.977625412812,BULL,MID_VOL,BULL,MID_VOL,Portfolio Rebalance Exit
BHARATRAS_NS,2024-03-05,2024-04-05,2292.119977443972,2197.780588527385,358,820578.9519249443,783818.9871174174,-36759.96480752691,-0.04479759652778569,31,6212.570503553727,BULL,MID_VOL,BULL,MID_VOL,Portfolio Rebalance Exit
NAHARSPING_NS,2024-04-05,2024-05-08,294.7128221309053,270.92450415605475,2800,825195.901966535,755819.4214346117,-69376.48053192336,-0.08407274002038954,33,5823.400962385134,BULL,MID_VOL,NEUTRAL,HIGH_VOL,Portfolio Rebalance Exit
BEML_NS,2024-04-05,2024-05-08,1646.5631967078857,1645.406849745792,485,798583.1504033263,795184.3518554225,-3398.7985479037743,-0.004256035888294416,33,5771.546538885132,BULL,MID_VOL,NEUTRAL,HIGH_VOL,Portfolio Rebalance Exit
NIITLTD_NS,2024-04-05,2024-05-08,110.99501278921515,100.76268946983,6168,684617.2388838792,619289.5164993589,-65327.722384520224,-0.09542225739308434,33,4730.332606610857,BULL,MID_VOL,NEUTRAL,HIGH_VOL,Portfolio Rebalance Exit
DMART_NS,2024-04-05,2024-05-30,4662.12620183715,4475.89990234375,165,769250.8233031344,735895.9773281105,-33354.84597502393,-0.04336016935516489,55,5453.329861742606,BULL,MID_VOL,NEUTRAL,HIGH_VOL,Protective Risk Stop
ELGIEQUIP_NS,2024-04-05,2024-06-04,642.8306523443746,599.0586073195058,1243,799038.5008640582,741980.0712626157,-57058.42960144242,-0.07140886145003152,60,5585.443275813184,BULL,MID_VOL,NEUTRAL,HIGH_VOL,Time-Based Risk Exit
SUNDARMFIN_NS,2024-03-05,2024-07-29,4148.1273592197,4320.091798141008,197,817181.089766285,848032.519859768,30851.43009348295,0.037753480201440426,146,6027.676875185061,BULL,MID_VOL,BULL,LOW_VOL,Trend/Risk Deterioration Exit
KSB_NS,2024-04-05,2024-08-01,783.8662150956104,956.4990412531672,1019,798759.6731824278,971207.8489800905,172448.1757976627,0.21589494510982588,118,6400.114210431454,BULL,MID_VOL,BULL,LOW_VOL,Trend/Risk Deterioration Exit
IDEAFORGE_NS,2024-06-06,2024-08-06,759.916525999663,695.0499877929688,348,264450.9510478835,241006.53292648305,-23444.418121400435,-0.08865318134989582,61,1842.313873353578,BULL,HIGH_VOL,NEUTRAL,HIGH_VOL,Protective Risk Stop
FINPIPE_NS,2024-05-08,2024-08-08,293.8973792836402,281.0217564389419,434,127551.46260910016,121516.71666807709,-6034.745941023066,-0.0473122441529143,92,915.2809539427539,NEUTRAL,HIGH_VOL,NEUTRAL,HIGH_VOL,Protective Risk Stop
BALKRISIND_NS,2024-06-06,2024-08-14,3230.170677143273,2769.270267768801,105,339167.9211000469,289729.5712570715,-49438.34984297538,-0.14576363732344894,69,2289.7264398413226,BULL,HIGH_VOL,NEUTRAL,HIGH_VOL,Protective Risk Stop
SOTL_NS,2024-05-08,2024-09-24,611.2324993834701,559.7916643446936,572,349624.9896473455,319052.5959749781,-30572.393672367383,-0.08744338813768629,139,2432.6077154141003,NEUTRAL,HIGH_VOL,BULL,MID_VOL,Protective Risk Stop
BHARATRAS_NS,2024-09-03,2024-10-07,3164.5578221572428,2869.8085069948293,30,94936.73466472044,85774.39762196704,-9162.337042753396,-0.09650992395210559,34,668.6063848644466,BULL,HIGH_VOL,NEUTRAL,HIGH_VOL,Protective Risk Stop
ZENSARTECH_NS,2023-11-07,2024-10-08,517.4994143980737,650.8012197842995,612,316709.6416116216,396866.2453307376,80156.60371911601,0.25309176983443843,336,2587.523259790766,NEUTRAL,HIGH_VOL,BULL,HIGH_VOL,Protective Risk Stop
PRICOLLTD_NS,2024-05-08,2024-10-11,441.6750318653385,460.4850366717213,285,125877.38408162193,130758.7001240821,4881.3160424601665,0.0387783403513931,156,941.9416493104425,NEUTRAL,HIGH_VOL,NEUTRAL,HIGH_VOL,Trend/Risk Deterioration Exit
NAVA_NS,2024-09-03,2024-10-25,476.3629308143775,448.01565835135887,261,124330.724942553,116503.15744077908,-7827.567501773927,-0.06295762777375145,52,885.6535347956243,BULL,HIGH_VOL,NEUTRAL,MID_VOL,Protective Risk Stop
TRENT_NS,2024-04-05,2024-10-30,4017.5419154281176,7413.577633851922,191,767350.5058467744,1410969.6148785762,643619.1090318018,0.8387550462634614,208,7842.544994668857,BULL,MID_VOL,NEUTRAL,MID_VOL,Trailing Profit Protection
SUDARSCHEM_NS,2024-08-05,2024-10-30,885.552492833051,957.2693623304816,985,872269.2054405562,939559.5042216518,67290.29878109565,0.0771439578072797,86,6555.607495848098,BULL,MID_VOL,NEUTRAL,MID_VOL,Portfolio Rebalance Exit
BEPL_NS,2024-09-03,2024-10-30,161.03404901982583,123.82180359866204,598,96298.36131385602,73768.19949800591,-22530.161815850108,-0.23396204783194297,57,630.9872635159282,BULL,HIGH_VOL,NEUTRAL,MID_VOL,Portfolio Rebalance Exit
VAIBHAVGBL_NS,2024-10-30,2024-11-29,278.8776500906277,277.4756041118324,1719,479390.6805057893,475277.3670682524,-4113.313437536883,-0.00858029495524832,30,3464.4038447720413,NEUTRAL,MID_VOL,NEUTRAL,HIGH_VOL,Portfolio Rebalance Exit
HIKAL_NS,2024-08-05,2024-12-26,323.76831187150475,373.7801573053288,2696,872879.368805577,1004130.1139967712,131250.74519119412,0.150365273692737,143,6789.896873013233,BULL,MID_VOL,NEUTRAL,MID_VOL,Trailing Profit Protection
DCW_NS,2024-10-01,2024-12-26,96.03634205144351,91.5961865284166,1353,129937.17079560316,123475.96028457662,-6461.21051102654,-0.04972565180128715,86,930.9987805289076,BULL,HIGH_VOL,NEUTRAL,MID_VOL,Protective Risk Stop
TIPSMUSIC_NS,2024-10-30,2024-12-30,813.7377277195443,767.56545260266,640,520792.14574050915,489488.87548027403,-31303.27026023512,-0.06010703217446821,61,3666.2309695693193,NEUTRAL,MID_VOL,BEAR,MID_VOL,Protective Risk Stop
GANDHAR_NS,2024-10-30,2024-12-31,217.77941396677207,210.3131608821022,2229,485430.3137319351,467114.23632907134,-18316.077402863768,-0.037731630853565304,62,3457.269801834137,NEUTRAL,MID_VOL,BEAR,MID_VOL,Protective Risk Stop
RAMCOCEM_NS,2024-10-30,2025-01-01,869.6997090160653,966.8317172489884,490,426152.8574178729,472056.5323712625,45903.67495338962,0.10771645468137232,63,3256.4903540284386,NEUTRAL,MID_VOL,NEUTRAL,MID_VOL,Defensive Regime Exit
BLUESTARCO_NS,2023-01-13,2025-01-13,640.2124931643045,1915.847040856396,1011,647254.8305891126,1930054.2170891725,1282799.3865000599,1.9819077832644263,731,9246.172691035186,NEUTRAL,LOW_VOL,BEAR,HIGH_VOL,Defensive Regime Exit
IIFL_NS,2024-10-30,2025-01-15,418.5519700134635,401.0326760419978,1172,490542.9088557796,468332.51114070445,-22210.397715075174,-0.04527717619419317,77,3479.7772952335395,NEUTRAL,MID_VOL,BEAR,MID_VOL,Protective Risk Stop
INDOTHAI_NS,2024-10-30,2025-01-24,104.91791468649129,192.3957888625418,6265,657310.735510868,1200953.1856279953,543642.4501171273,0.8270706999705448,86,6833.203690515988,NEUTRAL,MID_VOL,BEAR,MID_VOL,Trailing Profit Protection
GENESYS_NS,2024-11-29,2025-01-27,915.3625509227628,880.0,53,48514.21519890643,46459.694257656,-2054.5209412504264,-0.04234884420632116,59,180.3057423439943,NEUTRAL,HIGH_VOL,BEAR,MID_VOL,Defensive Regime Exit
NETWORK18_NS,2024-12-30,2025-01-27,73.19890869994236,51.93000030517578,6933,507488.0340167005,358741.87675760203,-148746.1572590985,-0.29310278723577454,28,3153.1572590984865,NEUTRAL,MID_VOL,BEAR,MID_VOL,Defensive Regime Exit
DCMSHRIRAM_NS,2024-12-30,2025-01-27,1081.3486828128885,1124.1749618345527,473,511477.92697049736,529838.353534726,18360.426564228605,0.03589681117419492,28,3775.577042870809,NEUTRAL,MID_VOL,BEAR,MID_VOL,Portfolio Rebalance Exit
TIPSMUSIC_NS,2024-12-30,2025-01-27,770.3957183734423,638.5853974073151,660,508461.1741264727,419960.17207702086,-88501.00204945181,-0.17405655840191725,28,3374.1656205241093,NEUTRAL,MID_VOL,BEAR,MID_VOL,Defensive Regime Exit
GENESYS_NS,2024-11-29,2025-01-29,915.3625509227628,804.0,53,48514.215198907346,42445.94129753415,-6068.273901373199,-0.12508238825452278,61,344.27390137273886,NEUTRAL,HIGH_VOL,BEAR,HIGH_VOL,Protective Risk Stop
ANANTRAJ_NS,2025-01-27,2025-01-29,798.9768140510529,566.3183384817958,124,99073.12494233136,69959.75352675724,-29113.371415574118,-0.29385740514918124,2,627.6612705268683,BEAR,MID_VOL,BEAR,HIGH_VOL,Initial Risk Stop
SIGNPOST_NS,2025-01-27,2025-01-31,379.7421697371187,319.448755396021,259,98353.22196191413,82429.23129087445,-15923.990671039675,-0.16190614149077914,4,669.317458428076,BEAR,MID_VOL,BEAR,MID_VOL,Initial Risk Stop
BHARATRAS_NS,2025-01-27,2025-02-21,2605.4343859556216,2519.4607054035696,39,101611.94105227185,97895.97640050134,-3715.9646517705114,-0.03657015714185522,25,736.3183095757104,BEAR,MID_VOL,BEAR,LOW_VOL,Portfolio Rebalance Exit
AUTOAXLES_NS,2025-01-27,2025-02-21,1738.767044409584,1688.394381503621,52,90415.88630930011,87470.1604781484,-2945.725831151707,-0.03257973738237538,25,658.9847842728376,BEAR,MID_VOL,BEAR,LOW_VOL,Portfolio Rebalance Exit
EQUITASBNK_NS,2025-01-27,2025-02-21,67.49795164796932,61.0,1347,90919.74086981473,81861.0344549382,-9058.706414876535,-0.0996340984720516,25,639.9564148765369,BEAR,MID_VOL,BEAR,LOW_VOL,Portfolio Rebalance Exit
INDUSINDBK_NS,2025-02-21,2025-03-12,1045.3902439067635,630.0,89,93039.73170770299,55856.34040968691,-37183.391298016075,-0.3996506719820815,19,555.4369523129444,BEAR,MID_VOL,BEAR,LOW_VOL,Initial Risk Stop
MBAPL_NS,2025-01-27,2025-03-25,291.73809450061077,294.5595736508831,337,98315.73784670612,98899.84096771033,584.1031210042129,0.005941094821613874,57,728.6831877927577,BEAR,MID_VOL,NEUTRAL,MID_VOL,Portfolio Rebalance Exit
PATANJALI_NS,2025-02-21,2025-03-25,619.095829960435,594.3316090935372,147,91007.08700418456,87042.39031889378,-3964.696685290779,-0.043564702660008,32,658.6668014188909,BEAR,MID_VOL,NEUTRAL,MID_VOL,Portfolio Rebalance Exit
MAPMYINDIA_NS,2025-02-21,2025-03-25,1722.9771386442815,1640.7960186090925,53,91317.78834814865,86639.2610256353,-4678.527322513357,-0.05123347167231529,32,658.3803127526226,BEAR,MID_VOL,NEUTRAL,MID_VOL,Portfolio Rebalance Exit
AVANTIFEED_NS,2025-03-25,2025-04-08,931.751271129593,701.2283572862813,517,481715.4071740005,361237.43073019624,-120477.97644380428,-0.25010197857401395,14,3067.1971627590547,NEUTRAL,MID_VOL,BEAR,HIGH_VOL,Initial Risk Stop
CAMLINFINE_NS,2025-02-21,2025-04-09,150.23186525877742,135.0,644,96749.32122665281,86617.15216179512,-10132.169064857691,-0.10472599638318134,47,678.2537816545694,BEAR,MID_VOL,BEAR,HIGH_VOL,Protective Risk Stop
SATIN_NS,2025-02-21,2025-04-24,147.14061175195636,161.39999389648438,641,94317.13213300417,103076.0390957844,8758.906962780238,0.09286655313510381,62,727.8852125127227,BEAR,MID_VOL,NEUTRAL,HIGH_VOL,Protective Risk Stop
KOTAKBANK_NS,2025-02-21,2025-05-08,399.0303221494849,419.3165478694598,319,127290.67276568609,133273.52264868672,5982.849883000628,0.04700147900085129,76,956.0528049369315,BEAR,MID_VOL,BULL,HIGH_VOL,Trailing Profit Protection
AAVAS_NS,2025-01-27,2025-05-27,1718.3265059365337,1762.0,70,120282.85541555907,122888.4060067716,2605.5505912125373,0.021661861802421918,120,893.449042576523,BEAR,MID_VOL,BULL,HIGH_VOL,Portfolio Rebalance Exit
ADANIENSOL_NS,2025-04-28,2025-05-27,917.3699182679863,880.0,109,99993.32109121143,95565.39094030476,-4427.930150906672,-0.04428225908076024,29,721.930150906676,NEUTRAL,HIGH_VOL,BULL,HIGH_VOL,Portfolio Rebalance Exit
PIDILITIND_NS,2025-04-28,2025-05-27,1491.0323209671915,1512.2221252961294,61,90952.97157900018,91903.93705509792,950.9654760977428,0.010455573463828508,29,675.7244267478645,NEUTRAL,HIGH_VOL,BULL,HIGH_VOL,Portfolio Rebalance Exit
SHREECEM_NS,2025-03-25,2025-06-24,29667.342360966166,28597.95974630273,16,474677.4777754883,455933.5933883436,-18743.884387144702,-0.03948762110008964,91,3377.483703710373,NEUTRAL,MID_VOL,BULL,LOW_VOL,Portfolio Rebalance Exit
NETWORK18_NS,2025-05-27,2025-07-21,55.698330534151744,61.22999954223633,9927,552917.3272125245,605664.9373878352,52747.61017531075,0.09539872885017435,55,4196.401692212474,BULL,HIGH_VOL,BULL,LOW_VOL,Protective Risk Stop
TRIDENT_NS,2025-06-24,2025-08-06,29.575025521798914,28.1266999302686,32344,956574.625477064,906496.5904630261,-50078.035014037974,-0.05235141480892094,43,6747.757548775031,NEUTRAL,LOW_VOL,NEUTRAL,LOW_VOL,Protective Risk Stop
PSPPROJECT_NS,2025-04-28,2025-08-08,643.3636060570423,698.0,155,99721.35893884218,107791.9890149381,8070.630076095913,0.08093181001519971,102,764.3699239040857,NEUTRAL,HIGH_VOL,NEUTRAL,LOW_VOL,Trailing Profit Protection
SRF_NS,2025-03-25,2025-08-11,3074.310290410118,2834.767303466797,259,796246.3652162236,731592.4965818215,-64653.86863440217,-0.08119832184960138,139,5537.213961598647,NEUTRAL,MID_VOL,NEUTRAL,LOW_VOL,Protective Risk Stop
MAHLIFE_NS,2025-05-27,2025-08-18,351.6847489687545,344.3500061035156,1655,582038.259543289,567866.9778358669,-14171.28170742211,-0.02434768071525395,83,4170.488230344819,BULL,HIGH_VOL,NEUTRAL,LOW_VOL,Protective Risk Stop
MASTEK_NS,2025-05-27,2025-08-20,2473.514995454427,2513.931624821589,153,378447.79430452985,383255.731776411,4807.93747188116,0.012704361193904336,85,2766.024299724163,BULL,HIGH_VOL,NEUTRAL,LOW_VOL,Portfolio Rebalance Exit
BHARATRAS_NS,2025-05-27,2025-09-02,2626.237275666866,2537.1206753191627,268,703831.5898787228,677522.6328238789,-26308.957054843893,-0.0373796195470243,98,5011.909437628194,BULL,HIGH_VOL,NEUTRAL,LOW_VOL,Protective Risk Stop
IIFL_NS,2025-07-22,2025-09-18,532.0821004071524,441.63226661624776,1809,962536.5196365393,796071.6012624721,-166464.91837406717,-0.17294400262020762,58,6377.084898629492,BULL,LOW_VOL,BULL,LOW_VOL,Time-Based Risk Exit
SAKSOFT_NS,2025-08-20,2025-10-01,207.30105650629096,198.48711382046773,4447,921867.7982834761,879530.4320773816,-42337.366206094506,-0.04592563736896652,42,6529.941202821543,NEUTRAL,LOW_VOL,BULL,LOW_VOL,Protective Risk Stop
TATAINVEST_NS,2025-08-20,2025-10-10,696.1574223904878,903.0,1324,921712.4272450064,1191327.9162584804,269615.48901347397,0.29251584446935713,51,7630.14331074481,NEUTRAL,LOW_VOL,BULL,LOW_VOL,Trailing Profit Protection
NETWORK18_NS,2025-08-20,2025-11-18,58.058380860361474,46.95000076293945,16594,963420.7719968383,776315.7089150513,-187105.06308178697,-0.1942090813487266,90,6311.7768955686015,NEUTRAL,LOW_VOL,BULL,LOW_VOL,Portfolio Rebalance Exit
KINGFA_NS,2025-08-20,2025-11-18,4285.870064823224,4206.0,215,921462.0639369974,900979.6514782629,-20482.412458734587,-0.022228166801813144,90,6722.412458734601,NEUTRAL,LOW_VOL,BULL,LOW_VOL,Portfolio Rebalance Exit
TATAINVEST_NS,2025-10-17,2025-11-25,927.4067899642222,736.7000122070312,996,923697.1628043662,731142.586150962,-192554.57665340416,-0.2084607211186012,39,6003.788811607201,BULL,LOW_VOL,NEUTRAL,LOW_VOL,Initial Risk Stop
ANDHRSUGAR_NS,2025-08-20,2025-12-08,79.82630585721576,75.44000244140625,12217,975237.9786576051,918195.5073299987,-57042.47132760647,-0.05849082231818356,110,7239.475742769122,NEUTRAL,LOW_VOL,BULL,LOW_VOL,Protective Risk Stop
INDIASHLTR_NS,2025-03-25,2025-12-23,832.9746442866062,832.1500244140625,656,546431.3666520145,543943.2053599858,-2488.16129202873,-0.004553474496300782,273,3955.3173638504236,NEUTRAL,MID_VOL,BULL,LOW_VOL,Protective Risk Stop
ORICONENT_NS,2025-01-27,2025-12-29,46.47001962814876,60.20000076293945,6104,283652.9998102201,366126.12431313284,82473.12450291275,0.2907535776391998,336,2377.5035719625903,BEAR,MID_VOL,NEUTRAL,LOW_VOL,Final Backtest Liquidation
ELGIEQUIP_NS,2025-09-18,2025-12-29,501.84377678174604,455.9500122070313,1825,915864.892626687,829149.6412336981,-86715.25139298884,-0.09468127023003445,102,6324.023670820949,BULL,LOW_VOL,NEUTRAL,LOW_VOL,Final Backtest Liquidation
KANSAINER_NS,2025-09-18,2025-12-29,250.46856634611717,234.47999572753903,3804,952782.42638063,888784.7257924775,-63997.70058815251,-0.06716927056606507,102,6686.403774187498,BULL,LOW_VOL,NEUTRAL,LOW_VOL,Final Backtest Liquidation
PHOENIXLTD_NS,2025-10-17,2025-12-29,1681.1758340062936,1851.800048828125,549,922965.5328694569,1013026.8896758602,90061.35680640326,0.09757824490629319,73,7001.87000023733,BULL,LOW_VOL,NEUTRAL,LOW_VOL,Final Backtest Liquidation
IIFL_NS,2025-11-18,2025-12-29,559.8295552950076,589.5875244140625,1618,905804.2204673229,950563.0209220146,44758.80045469175,0.04941332734307616,41,6717.172497391995,BULL,LOW_VOL,NEUTRAL,LOW_VOL,Final Backtest Liquidation
FINPIPE_NS,2025-11-18,2025-12-29,186.84727150992617,171.17999267578125,4849,906022.4195516323,827095.507977739,-78926.91157389327,-0.08711364075621023,41,6288.838301188323,BULL,LOW_VOL,NEUTRAL,LOW_VOL,Final Backtest Liquidation
VAIBHAVGBL_NS,2025-12-16,2025-12-29,239.87679038040707,230.44271850585935,3654,876509.7920500076,839043.0222290958,-37466.76982091181,-0.042745409304878836,13,6215.6618889639185,BULL,LOW_VOL,NEUTRAL,LOW_VOL,Final Backtest Liquidation
SCHAEFFLER_NS,2025-12-16,2025-12-29,3827.686375416237,3786.048583984375,229,876540.1799703221,863922.3424122613,-12617.837558060768,-0.014395047536198493,13,6303.538757583621,BULL,LOW_VOL,NEUTRAL,LOW_VOL,Final Backtest Liquidation
